"player","season","Team","TOI_all","GAA_per_fenwick","FA","GAA","GAR","WAR"
"AARON.DELL","20162017","S.J",1110.52,0.01228,741,9.1,14.5,2.8
"AARON.DELL","20172018","S.J",1522.08,-0.00038,1050,-0.4,7.3,1.3
"AARON.DELL","20182019","S.J",1323.28,-0.01085,857,-9.3,-3,-0.5
"ADIN.HILL","20172018","ARI",240.76,-0.00714,182,-1.3,0,0
"ADIN.HILL","20182019","ARI",676.35,0.00177,451,0.8,4.1,0.7
"ALEXANDAR.GEORGIEV","20172018","NYR",514.76,-0.00069,436,-0.3,2.9,0.5
"ALEXANDAR.GEORGIEV","20182019","NYR",1869.17,0.00478,1465,7,17.7,3.1
"ALEX.AULD","20072008","ARI",508.96,-0.02485,342,-8.5,-6,-1.1
"ALEX.AULD","20072008","BOS",1172.68,0.00317,756,2.4,7.9,1.5
"ALEX.AULD","20082009","OTT",2329.28,0.00147,1500,2.2,13.2,2.4
"ALEX.AULD","20092010","DAL",1181.01,-0.01391,805,-11.2,-5.3,-1
"ALEX.AULD","20102011","MTL",748.57,0.00566,548,3.1,7.1,1.4
"ALEX.AULD","20112012","OTT",645.03,-0.01316,433,-5.7,-2.6,-0.5
"ALEX.LYON","20172018","PHI",479.8,-0.00365,329,-1.2,1.2,0.2
"ALEX.STALOCK","20132014","S.J",1251.3,0.00762,774,5.9,11.6,2.3
"ALEX.STALOCK","20142015","S.J",1236.5,-0.002,751,-1.5,4,0.8
"ALEX.STALOCK","20152016","S.J",674.14,-0.02207,376,-8.3,-5.6,-1.1
"ALEX.STALOCK","20172018","MIN",1495.26,-0.00602,1130,-6.8,1.5,0.3
"ALEX.STALOCK","20182019","MIN",1065.1,-0.00561,731,-4.1,1.2,0.2
"ALLEN.YORK","20112012","CBJ",416.7,-0.00489,266,-1.3,0.6,0.1
"AL.MONTOYA","20082009","ARI",259.47,0.00353,170,0.6,1.9,0.3
"AL.MONTOYA","20102011","NYI",1153.78,0.01522,841,12.8,19,3.6
"AL.MONTOYA","20112012","NYI",1719.71,-0.00396,1135,-4.5,3.8,0.7
"AL.MONTOYA","20122013","WPG",351.35,-0.01186,253,-3,-1.2,-0.2
"AL.MONTOYA","20132014","WPG",1540.85,0.0025,1000,2.5,9.8,1.9
"AL.MONTOYA","20142015","FLA",956.93,-0.00911,637,-5.8,-1.1,-0.2
"AL.MONTOYA","20152016","FLA",1351.24,0.00197,861,1.7,8,1.6
"AL.MONTOYA","20162017","MTL",1124.33,-0.00364,770,-2.8,2.8,0.5
"AL.MONTOYA","20172018","EDM",469.21,-0.00669,329,-2.2,0.2,0
"AL.MONTOYA","20172018","MTL",222.53,-0.02041,147,-3,-1.9,-0.3
"ANDERS.LINDBACK","20102011","NSH",1131.05,-0.00373,804,-3,2.8,0.5
"ANDERS.LINDBACK","20112012","NSH",792.42,0.00338,532,1.8,5.7,1.1
"ANDERS.LINDBACK","20122013","T.B",1304.19,-0.00809,915,-7.4,-0.7,-0.1
"ANDERS.LINDBACK","20132014","T.B",1302.31,-0.01045,852,-8.9,-2.6,-0.5
"ANDERS.LINDBACK","20142015","BUF",890.98,-0.00336,743,-2.5,2.9,0.6
"ANDERS.LINDBACK","20142015","DAL",516.98,-0.02791,344,-9.6,-7.1,-1.4
"ANDERS.LINDBACK","20152016","ARI",906.14,-0.01958,613,-12,-7.6,-1.5
"ANDERS.NILSSON","20112012","NYI",217.8,0.00816,147,1.2,2.3,0.5
"ANDERS.NILSSON","20132014","NYI",1096.17,-0.00177,793,-1.4,4.4,0.9
"ANDERS.NILSSON","20152016","EDM",1413.29,-0.00821,1035,-8.5,-0.9,-0.2
"ANDERS.NILSSON","20162017","BUF",1484.24,0.00989,1193,11.8,20.5,3.9
"ANDERS.NILSSON","20172018","VAN",1463.68,-0.00763,1154,-8.8,-0.3,-0.1
"ANDERS.NILSSON","20182019","OTT",1320.3,-0.00057,1044,-0.6,7.1,1.2
"ANDERS.NILSSON","20182019","VAN",697.93,-0.00455,483,-2.2,1.4,0.2
"ANDREI.VASILEVSKIY","20142015","T.B",864.12,-0.00474,570,-2.7,1.5,0.3
"ANDREI.VASILEVSKIY","20152016","T.B",1258.63,-0.01175,902,-10.6,-4,-0.8
"ANDREI.VASILEVSKIY","20162017","T.B",2831.09,-0.00485,1978,-9.6,4.9,0.9
"ANDREI.VASILEVSKIY","20172018","T.B",3825.19,-0.00341,2730,-9.3,10.6,1.9
"ANDREI.VASILEVSKIY","20182019","T.B",3203.75,0.00558,2294,12.8,29.6,5.2
"ANDREW.HAMMOND","20142015","OTT",1411,0.01364,968,13.2,20.3,4
"ANDREW.HAMMOND","20152016","OTT",1382.32,0.0002,988,0.2,7.4,1.5
"ANDREW.HAMMOND","20162017","OTT",189.38,-0.03621,116,-4.2,-3.4,-0.6
"ANDREW.RAYCROFT","20072008","TOR",944.7,-0.01127,692,-7.8,-2.8,-0.5
"ANDREW.RAYCROFT","20082009","COL",1656.1,-0.0138,1152,-15.9,-7.5,-1.4
"ANDREW.RAYCROFT","20092010","VAN",902.19,0.00017,572,0.1,4.3,0.8
"ANDREW.RAYCROFT","20102011","DAL",847.16,-0.00617,600,-3.7,0.7,0.1
"ANDREW.RAYCROFT","20112012","DAL",529.38,-0.01225,408,-5,-2,-0.4
"ANTERO.NIITTYMAKI","20072008","PHI",1265.2,0.00046,876,0.4,6.8,1.3
"ANTERO.NIITTYMAKI","20082009","PHI",1805.18,0.00597,1306,7.8,17.3,3.2
"ANTERO.NIITTYMAKI","20092010","T.B",2657.19,0.00095,1888,1.8,15.6,2.9
"ANTERO.NIITTYMAKI","20102011","S.J",1414.45,-0.00322,869,-2.8,3.5,0.7
"ANTHONY.STOLARZ","20162017","PHI",376.07,0.00615,244,1.5,3.3,0.6
"ANTHONY.STOLARZ","20182019","EDM",238.68,-0.00588,187,-1.1,0.3,0
"ANTHONY.STOLARZ","20182019","PHI",629.73,-0.00835,455,-3.8,-0.5,-0.1
"ANTON.FORSBERG","20142015","CBJ",255.72,-0.03464,179,-6.2,-4.9,-1
"ANTON.FORSBERG","20152016","CBJ",178.15,-0.00155,129,-0.2,0.7,0.1
"ANTON.FORSBERG","20172018","CHI",1714.8,-0.00509,1199,-6.1,2.7,0.5
"ANTON.KHUDOBIN","20102011","MIN",188.73,0.00678,118,0.8,1.7,0.3
"ANTON.KHUDOBIN","20122013","BOS",802.99,-0.00075,530,-0.4,3.4,0.7
"ANTON.KHUDOBIN","20132014","CAR",2084.08,0.00866,1536,13.3,24.6,4.8
"ANTON.KHUDOBIN","20142015","CAR",1900.35,-0.00505,1228,-6.2,2.8,0.5
"ANTON.KHUDOBIN","20152016","ANA",356.33,0.0024,250,0.6,2.5,0.5
"ANTON.KHUDOBIN","20162017","BOS",864.79,-0.00742,539,-4,0,0
"ANTON.KHUDOBIN","20172018","BOS",1780.7,0.00099,1213,1.2,10,1.8
"ANTON.KHUDOBIN","20182019","DAL",2219.5,0.00757,1678,12.7,25,4.4
"ANTTI.NIEMI","20092010","CHI",2185.92,0.00297,1247,3.7,12.9,2.4
"ANTTI.NIEMI","20102011","S.J",3523.93,0.00168,2380,4,21.4,4.1
"ANTTI.NIEMI","20112012","S.J",3915.77,-0.00015,2609,-0.4,18.7,3.7
"ANTTI.NIEMI","20122013","S.J",2580.76,0.00891,1717,15.3,27.9,5.5
"ANTTI.NIEMI","20132014","S.J",3720.27,-0.00033,2392,-0.8,16.7,3.3
"ANTTI.NIEMI","20142015","S.J",3567.92,0.00076,2510,1.9,20.2,4
"ANTTI.NIEMI","20152016","DAL",2634.37,-0.00185,1779,-3.3,9.7,1.9
"ANTTI.NIEMI","20162017","DAL",1728.5,-0.00622,1255,-7.8,1.4,0.3
"ANTTI.NIEMI","20172018","MTL",1026.27,0.01408,845,11.9,18.1,3.2
"ANTTI.NIEMI","20172018","PIT",128.14,-0.06796,103,-7,-6.2,-1.1
"ANTTI.NIEMI","20182019","MTL",968.8,-0.01771,717,-12.7,-7.5,-1.3
"ANTTI.RAANTA","20132014","CHI",1376.67,-0.00983,814,-8,-2,-0.4
"ANTTI.RAANTA","20142015","CHI",792.16,0.00756,516,3.9,7.7,1.5
"ANTTI.RAANTA","20152016","NYR",1150.35,0.00578,744,4.3,9.8,1.9
"ANTTI.RAANTA","20162017","NYR",1617.33,0.00628,1082,6.8,14.7,2.8
"ANTTI.RAANTA","20172018","ARI",2599.06,0.01162,2013,23.4,38.1,6.8
"ANTTI.RAANTA","20182019","ARI",687.1,0.00059,505,0.3,4,0.7
"BEN.BISHOP","20082009","STL",244.98,-0.00395,177,-0.7,0.6,0.1
"BEN.BISHOP","20102011","STL",368.81,-0.01378,225,-3.1,-1.4,-0.3
"BEN.BISHOP","20112012","OTT",531.65,0,325,0,2.3,0.5
"BEN.BISHOP","20122013","OTT",753.2,0.00221,542,1.2,5.2,1
"BEN.BISHOP","20122013","T.B",502.44,0.00308,422,1.3,4.3,0.9
"BEN.BISHOP","20132014","T.B",3586.31,0.00591,2472,14.6,32.6,6.4
"BEN.BISHOP","20142015","T.B",3499.04,-0.00157,2234,-3.5,12.8,2.5
"BEN.BISHOP","20152016","T.B",3579.62,0.00257,2333,6,23.1,4.5
"BEN.BISHOP","20162017","L.A",410.02,-0.00289,242,-0.7,1,0.2
"BEN.BISHOP","20162017","T.B",1812.55,-0.0041,1220,-5,3.9,0.7
"BEN.BISHOP","20172018","DAL",2886.77,0.00096,1975,1.9,16.4,2.9
"BEN.BISHOP","20182019","DAL",2637.3,0.01134,1826,20.7,34.1,6
"BEN.SCRIVENS","20112012","TOR",671.62,-0.00059,509,-0.3,3.4,0.7
"BEN.SCRIVENS","20122013","TOR",1024.83,-0.0025,760,-1.9,3.7,0.7
"BEN.SCRIVENS","20132014","EDM",1234.87,0.00153,1047,1.6,9.3,1.8
"BEN.SCRIVENS","20132014","L.A",975.22,0.01227,652,8,12.8,2.5
"BEN.SCRIVENS","20142015","EDM",3226.44,-0.01483,2164,-32.1,-16.3,-3.2
"BEN.SCRIVENS","20152016","MTL",821.96,-0.00623,594,-3.7,0.6,0.1
"BRADEN.HOLTBY","20102011","WSH",735.96,0.01336,449,6,9.3,1.8
"BRADEN.HOLTBY","20112012","WSH",360.57,0.00385,260,1,2.9,0.6
"BRADEN.HOLTBY","20122013","WSH",2089.25,0.00074,1477,1.1,11.9,2.3
"BRADEN.HOLTBY","20132014","WSH",2656.36,-0.00337,2015,-6.8,7.9,1.5
"BRADEN.HOLTBY","20142015","WSH",4227.48,0.00476,2815,13.4,34,6.7
"BRADEN.HOLTBY","20152016","WSH",3841.18,0.00313,2553,8,26.7,5.2
"BRADEN.HOLTBY","20162017","WSH",3680.13,0.00899,2413,21.7,39.4,7.6
"BRADEN.HOLTBY","20172018","WSH",3067.56,-0.0009,2336,-2.1,15,2.7
"BRADEN.HOLTBY","20182019","WSH",3406.57,0.00106,2552,2.7,21.4,3.8
"BRAD.THIESSEN","20112012","PIT",257.73,-0.03902,164,-6.4,-5.2,-1
"BRENT.JOHNSON","20072008","WSH",1032,-0.00186,646,-1.2,3.6,0.7
"BRENT.JOHNSON","20082009","WSH",1131.14,-0.00668,779,-5.2,0.5,0.1
"BRENT.JOHNSON","20092010","PIT",1043.12,-0.00549,692,-3.8,1.2,0.2
"BRENT.JOHNSON","20102011","PIT",1296.7,0.00772,868,6.7,13.1,2.5
"BRENT.JOHNSON","20112012","PIT",811.09,-0.02118,491,-10.4,-6.8,-1.3
"BRIAN.BOUCHER","20072008","S.J",238.1,0.01645,152,2.5,3.6,0.7
"BRIAN.BOUCHER","20082009","S.J",1286.39,0.01003,758,7.6,13.2,2.4
"BRIAN.BOUCHER","20092010","PHI",1742.03,-0.00428,1098,-4.7,3.3,0.6
"BRIAN.BOUCHER","20102011","PHI",1884.58,-0.00008,1285,-0.1,9.3,1.8
"BRIAN.BOUCHER","20112012","CAR",546.34,-0.00543,350,-1.9,0.7,0.1
"BRIAN.ELLIOTT","20082009","OTT",1667.04,-0.00588,1055,-6.2,1.6,0.3
"BRIAN.ELLIOTT","20092010","OTT",3037.92,-0.00392,1937,-7.6,6.5,1.2
"BRIAN.ELLIOTT","20102011","COL",690.16,-0.01077,557,-6,-1.9,-0.4
"BRIAN.ELLIOTT","20102011","OTT",2292.95,-0.01033,1569,-16.2,-4.7,-0.9
"BRIAN.ELLIOTT","20112012","STL",2214.39,0.01298,1356,17.6,27.5,5.4
"BRIAN.ELLIOTT","20122013","STL",1251.88,-0.00332,722,-2.4,2.9,0.6
"BRIAN.ELLIOTT","20132014","STL",1624.25,0.00334,987,3.3,10.5,2.1
"BRIAN.ELLIOTT","20142015","STL",2545.79,-0.00223,1613,-3.6,8.2,1.6
"BRIAN.ELLIOTT","20152016","STL",2263,0.01177,1546,18.2,29.5,5.8
"BRIAN.ELLIOTT","20162017","CGY",2824.39,-0.00244,1803,-4.4,8.8,1.7
"BRIAN.ELLIOTT","20172018","PHI",2521.98,-0.00358,1734,-6.2,6.5,1.2
"BRIAN.ELLIOTT","20182019","PHI",1356.72,0.00071,987,0.7,7.9,1.4
"CALVIN.PETERSEN","20182019","L.A",621.7,0.00272,478,1.3,4.8,0.8
"CALVIN.PICKARD","20142015","COL",895.09,0.01,700,7,12.1,2.4
"CALVIN.PICKARD","20152016","COL",980.42,0.00564,745,4.2,9.7,1.9
"CALVIN.PICKARD","20162017","COL",2800.24,-0.01318,1973,-26,-11.5,-2.2
"CALVIN.PICKARD","20182019","ARI",282.63,-0.00242,207,-0.5,1,0.2
"CALVIN.PICKARD","20182019","PHI",464.17,-0.02594,320,-8.3,-6,-1
"CAM.TALBOT","20132014","NYR",1210.66,0.01808,780,14.1,19.8,3.9
"CAM.TALBOT","20142015","NYR",2094.93,0.00952,1481,14.1,25,4.9
"CAM.TALBOT","20152016","EDM",3176.6,0,2251,0,16.5,3.2
"CAM.TALBOT","20162017","EDM",4289,0.0065,2844,18.5,39.3,7.5
"CAM.TALBOT","20172018","EDM",3730.09,0.00181,2766,5,25.2,4.5
"CAM.TALBOT","20182019","EDM",1694.57,-0.01017,1209,-12.3,-3.5,-0.6
"CAM.TALBOT","20182019","PHI",210.7,-0.00755,159,-1.2,-0.1,0
"CAM.WARD","20072008","CAR",3745.35,0.00159,2460,3.9,21.9,4.2
"CAM.WARD","20082009","CAR",3843.1,0.00837,2592,21.7,40.7,7.5
"CAM.WARD","20092010","CAR",2586.09,0.00679,1886,12.8,26.6,5
"CAM.WARD","20102011","CAR",4257.58,0.00947,3328,31.5,55.8,10.7
"CAM.WARD","20112012","CAR",3985.77,0.00592,3006,17.8,39.8,7.8
"CAM.WARD","20122013","CAR",929.44,-0.00271,665,-1.8,3.1,0.6
"CAM.WARD","20132014","CAR",1645.27,-0.0068,1147,-7.8,0.6,0.1
"CAM.WARD","20142015","CAR",3005.7,0.00026,1916,0.5,14.6,2.9
"CAM.WARD","20152016","CAR",3032.82,-0.00095,1904,-1.8,12.2,2.4
"CAM.WARD","20162017","CAR",3617.92,-0.00601,2348,-14.1,3,0.6
"CAM.WARD","20172018","CAR",2459.34,-0.00632,1631,-10.3,1.6,0.3
"CAM.WARD","20182019","CHI",1882.05,-0.00857,1459,-12.5,-1.8,-0.3
"CAREY.PRICE","20072008","MTL",2388.35,0.00745,1732,12.9,25.5,4.9
"CAREY.PRICE","20082009","MTL",2940.64,0.00065,2008,1.3,16,2.9
"CAREY.PRICE","20092010","MTL",2273.63,0.00042,1649,0.7,12.8,2.4
"CAREY.PRICE","20102011","MTL",4206.16,0.00719,2892,20.8,41.9,8
"CAREY.PRICE","20112012","MTL",3939.08,-0.00038,2645,-1,18.4,3.6
"CAREY.PRICE","20122013","MTL",2229.03,-0.00647,1376,-8.9,1.2,0.2
"CAREY.PRICE","20132014","MTL",3464.38,0.00867,2491,21.6,39.8,7.8
"CAREY.PRICE","20142015","MTL",3976.55,0.01173,2702,31.7,51.5,10.1
"CAREY.PRICE","20152016","MTL",698.34,0.01303,491,6.4,10,2
"CAREY.PRICE","20162017","MTL",3708.07,0.00305,2396,7.3,24.9,4.8
"CAREY.PRICE","20172018","MTL",2854.62,-0.01069,1992,-21.3,-6.7,-1.2
"CAREY.PRICE","20182019","MTL",3880.25,0.00313,2652,8.3,27.7,4.9
"CARTER.HART","20182019","PHI",1716.92,0,1289,0,9.4,1.7
"CARTER.HUTTON","20132014","NSH",2085.26,-0.01192,1384,-16.5,-6.4,-1.3
"CARTER.HUTTON","20142015","NSH",1009.84,-0.00369,650,-2.4,2.3,0.5
"CARTER.HUTTON","20152016","NSH",978.93,0.00364,660,2.4,7.3,1.4
"CARTER.HUTTON","20162017","STL",1457.95,-0.00172,930,-1.6,5.2,1
"CARTER.HUTTON","20172018","STL",1609.55,0.01407,1080,15.2,23.1,4.1
"CARTER.HUTTON","20182019","BUF",2839.62,-0.0009,2107,-1.9,13.5,2.4
"CASEY.DESMITH","20172018","PIT",700.15,0.01043,489,5.1,8.7,1.5
"CASEY.DESMITH","20182019","PIT",1943.55,-0.00195,1383,-2.7,7.4,1.3
"CEDRICK.DESJARDINS","20122013","T.B",160.1,-0.00093,107,-0.1,0.7,0.1
"CHAD.JOHNSON","20092010","NYR",280.72,0.00608,181,1.1,2.4,0.5
"CHAD.JOHNSON","20122013","ARI",246.59,0.01562,160,2.5,3.7,0.7
"CHAD.JOHNSON","20132014","BOS",1510.82,0.00755,967,7.3,14.4,2.8
"CHAD.JOHNSON","20142015","NYI",1052.81,-0.0188,681,-12.8,-7.8,-1.5
"CHAD.JOHNSON","20152016","BUF",2591.05,0.00439,1801,7.9,21.1,4.1
"CHAD.JOHNSON","20162017","CGY",2013.21,-0.00233,1374,-3.2,6.8,1.3
"CHAD.JOHNSON","20172018","BUF",1773.54,-0.01537,1321,-20.3,-10.6,-1.9
"CHAD.JOHNSON","20182019","ANA",319.7,-0.02301,226,-5.2,-3.6,-0.6
"CHAD.JOHNSON","20182019","STL",490.78,-0.02099,343,-7.2,-4.7,-0.8
"CHARLIE.LINDGREN","20172018","MTL",832.97,0.0014,645,0.9,5.6,1
"CHRIS.GIBSON","20152016","NYI",194.04,-0.03893,131,-5.1,-4.2,-0.8
"CHRIS.GIBSON","20172018","NYI",426.88,-0.00307,391,-1.2,1.7,0.3
"CHRIS.MASON","20072008","NSH",2613.38,-0.01311,1617,-21.2,-9.3,-1.8
"CHRIS.MASON","20082009","STL",3154.76,0.00463,2136,9.9,25.5,4.7
"CHRIS.MASON","20092010","STL",3492.12,0.0013,2388,3.1,20.5,3.9
"CHRIS.MASON","20102011","ATL",1681.66,-0.01273,1178,-15,-6.4,-1.2
"CHRIS.MASON","20112012","WPG",974.88,-0.0046,631,-2.9,1.7,0.3
"CHRIS.MASON","20122013","NSH",466.73,-0.01795,312,-5.6,-3.4,-0.7
"CHRIS.OSGOOD","20072008","DET",2346.41,0.00837,1290,10.8,20.2,3.9
"CHRIS.OSGOOD","20082009","DET",2662.73,-0.01536,1621,-24.9,-13,-2.4
"CHRIS.OSGOOD","20092010","DET",1252.03,-0.01773,784,-13.9,-8.2,-1.5
"CHRIS.OSGOOD","20102011","DET",628.67,-0.0188,399,-7.5,-4.6,-0.9
"COLLIN.DELIA","20182019","CHI",831.05,-0.00172,696,-1.2,3.9,0.7
"CONNOR.HELLEBUYCK","20152016","WPG",1433.46,0.00588,936,5.5,12.3,2.4
"CONNOR.HELLEBUYCK","20162017","WPG",3013.51,-0.00471,2082,-9.8,5.4,1
"CONNOR.HELLEBUYCK","20172018","WPG",3965.9,0.00719,2851,20.5,41.4,7.4
"CONNOR.HELLEBUYCK","20182019","WPG",3704.1,0.00101,2767,2.8,23.1,4
"COREY.CRAWFORD","20072008","CHI",224.15,0.00292,137,0.4,1.4,0.3
"COREY.CRAWFORD","20102011","CHI",3331.63,0.00326,2088,6.8,22.1,4.2
"COREY.CRAWFORD","20112012","CHI",3218.23,-0.01141,1999,-22.8,-8.2,-1.6
"COREY.CRAWFORD","20122013","CHI",1760.52,0.00451,1019,4.6,12.1,2.4
"COREY.CRAWFORD","20132014","CHI",3395.02,-0.0002,2043,-0.4,14.6,2.9
"COREY.CRAWFORD","20142015","CHI",3313.31,0.00487,2177,10.6,26.5,5.2
"COREY.CRAWFORD","20152016","CHI",3322.65,0.00899,2292,20.6,37.4,7.3
"COREY.CRAWFORD","20162017","CHI",3246.88,0.00322,2233,7.2,23.6,4.5
"COREY.CRAWFORD","20172018","CHI",1583.52,0.00944,1155,10.9,19.3,3.4
"COREY.CRAWFORD","20182019","CHI",2212.85,0.0007,1571,1.1,12.6,2.2
"CORY.SCHNEIDER","20082009","VAN",355.39,-0.01488,215,-3.2,-1.6,-0.3
"CORY.SCHNEIDER","20102011","VAN",1371.31,0.01477,975,14.4,21.5,4.1
"CORY.SCHNEIDER","20112012","VAN",1832.82,0.01139,1220,13.9,22.8,4.5
"CORY.SCHNEIDER","20122013","VAN",1733.32,0.00793,1110,8.8,17,3.3
"CORY.SCHNEIDER","20132014","N.J",2679.92,0.00307,1496,4.6,15.5,3
"CORY.SCHNEIDER","20142015","N.J",3923.95,0.00461,2622,12.1,31.3,6.1
"CORY.SCHNEIDER","20152016","N.J",3407.41,0.0065,2123,13.8,29.4,5.8
"CORY.SCHNEIDER","20162017","N.J",3467.84,-0.00484,2418,-11.7,5.9,1.1
"CORY.SCHNEIDER","20172018","N.J",2332.26,-0.00181,1712,-3.1,9.4,1.7
"CORY.SCHNEIDER","20182019","N.J",1351.78,-0.00527,986,-5.2,2,0.4
"CRAIG.ANDERSON","20072008","FLA",875.13,0.01567,683,10.7,15.7,3
"CRAIG.ANDERSON","20082009","FLA",1635.93,0.00997,1284,12.8,22.2,4.1
"CRAIG.ANDERSON","20092010","COL",4235.26,0.00187,3049,5.7,28,5.3
"CRAIG.ANDERSON","20102011","COL",1810.28,-0.01586,1299,-20.6,-11.1,-2.1
"CRAIG.ANDERSON","20102011","OTT",1054.82,0.01776,794,14.1,19.9,3.8
"CRAIG.ANDERSON","20112012","OTT",3433.01,0.00043,2549,1.1,19.8,3.9
"CRAIG.ANDERSON","20122013","OTT",1420.61,0.01446,906,13.1,19.7,3.9
"CRAIG.ANDERSON","20132014","OTT",2998.51,-0.00133,2262,-3,13.6,2.7
"CRAIG.ANDERSON","20142015","OTT",2092.51,0.0019,1524,2.9,14,2.7
"CRAIG.ANDERSON","20152016","OTT",3477.13,-0.00307,2576,-7.9,11,2.1
"CRAIG.ANDERSON","20162017","OTT",2421.25,0.00531,1715,9.1,21.6,4.2
"CRAIG.ANDERSON","20172018","OTT",3250.53,-0.00766,2401,-18.4,-0.8,-0.1
"CRAIG.ANDERSON","20182019","OTT",2785.18,-0.00828,2270,-18.8,-2.2,-0.4
"CRISTOBAL.HUET","20072008","MTL",2115.48,0.00738,1517,11.2,22.3,4.3
"CRISTOBAL.HUET","20072008","WSH",706.4,0.01865,429,8,11.2,2.1
"CRISTOBAL.HUET","20082009","CHI",2330.96,-0.00167,1437,-2.4,8.1,1.5
"CRISTOBAL.HUET","20092010","CHI",2731.76,-0.01184,1486,-17.6,-6.7,-1.3
"CRISTOPHER.NILSTORP","20122013","DAL",291.3,-0.01869,198,-3.7,-2.3,-0.5
"CURTIS.JOSEPH","20072008","CGY",399.33,-0.00116,259,-0.3,1.6,0.3
"CURTIS.JOSEPH","20082009","TOR",835.7,-0.01156,571,-6.6,-2.4,-0.4
"CURTIS.MCELHINNEY","20082009","CGY",454.07,-0.01433,321,-4.6,-2.3,-0.4
"CURTIS.MCELHINNEY","20092010","ANA",456.83,0.00185,324,0.6,3,0.6
"CURTIS.MCELHINNEY","20092010","CGY",502.47,-0.01752,331,-5.8,-3.4,-0.6
"CURTIS.MCELHINNEY","20102011","ANA",996.25,-0.00508,748,-3.8,1.7,0.3
"CURTIS.MCELHINNEY","20102011","OTT",398.61,0.00252,278,0.7,2.7,0.5
"CURTIS.MCELHINNEY","20132014","CBJ",1423.16,-0.00853,938,-8,-1.1,-0.2
"CURTIS.MCELHINNEY","20142015","CBJ",1710,0.00063,1273,0.8,10.1,2
"CURTIS.MCELHINNEY","20152016","CBJ",835.44,-0.00529,586,-3.1,1.2,0.2
"CURTIS.MCELHINNEY","20162017","CBJ",375.91,0.00269,260,0.7,2.6,0.5
"CURTIS.MCELHINNEY","20162017","TOR",758.66,0.00034,596,0.2,4.5,0.9
"CURTIS.MCELHINNEY","20172018","TOR",959.12,0.00789,722,5.7,11,2
"CURTIS.MCELHINNEY","20182019","CAR",1977.52,0.00381,1364,5.2,15.1,2.7
"CURTIS.SANFORD","20072008","VAN",662.87,-0.01603,418,-6.7,-3.7,-0.7
"CURTIS.SANFORD","20082009","VAN",972.58,-0.00109,641,-0.7,4,0.7
"CURTIS.SANFORD","20112012","CBJ",1982.94,-0.00689,1320,-9.1,0.5,0.1
"DAN.CLOUTIER","20072008","L.A",489.17,-0.02207,358,-7.9,-5.3,-1
"DAN.ELLIS","20072008","NSH",2165.09,0.00848,1450,12.3,22.9,4.4
"DAN.ELLIS","20082009","NSH",1902.45,-0.00054,1291,-0.7,8.7,1.6
"DAN.ELLIS","20092010","NSH",1714.64,0.00173,1154,2,10.5,2
"DAN.ELLIS","20102011","ANA",729.43,-0.00579,484,-2.8,0.8,0.1
"DAN.ELLIS","20102011","T.B",1677.48,-0.01679,1060,-17.8,-10,-1.9
"DAN.ELLIS","20112012","ANA",418.7,0.0019,316,0.6,2.9,0.6
"DAN.ELLIS","20122013","CAR",977.07,0.00241,747,1.8,7.2,1.4
"DAN.ELLIS","20132014","DAL",690.04,-0.00835,503,-4.2,-0.5,-0.1
"DAN.ELLIS","20132014","FLA",337.26,-0.03151,238,-7.5,-5.8,-1.1
"DAN.ELLIS","20142015","FLA",486.37,-0.01107,307,-3.4,-1.1,-0.2
"DANIEL.LACOSTA","20082009","CBJ",155.69,0.01696,112,1.9,2.7,0.5
"DANY.SABOURIN","20072008","PIT",1201.49,0.00075,805,0.6,6.5,1.3
"DANY.SABOURIN","20082009","PIT",989.44,-0.00402,647,-2.6,2.1,0.4
"DARCY.KUEMPER","20122013","MIN",288.3,0.00556,180,1,2.3,0.5
"DARCY.KUEMPER","20132014","MIN",1480.24,-0.0044,978,-4.3,2.8,0.6
"DARCY.KUEMPER","20142015","MIN",1548.71,-0.01181,999,-11.8,-4.5,-0.9
"DARCY.KUEMPER","20152016","MIN",1063.4,-0.00042,713,-0.3,4.9,1
"DARCY.KUEMPER","20162017","MIN",1053.04,-0.01456,790,-11.5,-5.8,-1.1
"DARCY.KUEMPER","20172018","ARI",596.67,-0.01016,443,-4.5,-1.2,-0.2
"DARCY.KUEMPER","20172018","L.A",999.21,0.01236,720,8.9,14.2,2.5
"DARCY.KUEMPER","20182019","ARI",3251.25,0.00543,2339,12.7,29.8,5.2
"DAVID.RITTICH","20172018","CGY",1008.19,-0.00348,719,-2.5,2.8,0.5
"DAVID.RITTICH","20182019","CGY",2503.33,0.00081,1722,1.4,14,2.5
"DEVAN.DUBNYK","20092010","EDM",1075.43,-0.01402,849,-11.9,-5.7,-1.1
"DEVAN.DUBNYK","20102011","EDM",2061.03,0.00461,1518,7,18.1,3.5
"DEVAN.DUBNYK","20112012","EDM",2653.44,0.00452,1882,8.5,22.3,4.4
"DEVAN.DUBNYK","20122013","EDM",2100.96,0.00713,1571,11.2,22.7,4.5
"DEVAN.DUBNYK","20132014","EDM",1677.66,-0.01281,1241,-15.9,-6.8,-1.3
"DEVAN.DUBNYK","20142015","ARI",1034.94,-0.00037,804,-0.3,5.6,1.1
"DEVAN.DUBNYK","20142015","MIN",2268.28,0.00827,1475,12.2,23,4.5
"DEVAN.DUBNYK","20152016","MIN",3841.23,-0.00012,2572,-0.3,18.6,3.6
"DEVAN.DUBNYK","20162017","MIN",3753.01,-0.00082,2553,-2.1,16.6,3.2
"DEVAN.DUBNYK","20172018","MIN",3450.26,-0.00339,2475,-8.4,9.7,1.7
"DEVAN.DUBNYK","20182019","MIN",3855.27,-0.00148,2632,-3.9,15.4,2.7
"DOMINIK.HASEK","20072008","DET",2287.06,0.00026,1160,0.3,8.8,1.7
"DUSTIN.TOKARSKI","20112012","T.B",243.59,-0.02558,172,-4.4,-3.1,-0.6
"DUSTIN.TOKARSKI","20132014","MTL",163.1,0.02258,124,2.8,3.7,0.7
"DUSTIN.TOKARSKI","20142015","MTL",999.97,-0.00351,684,-2.4,2.6,0.5
"DUSTIN.TOKARSKI","20152016","MTL",226.17,-0.0291,134,-3.9,-2.9,-0.6
"DWAYNE.ROLOSON","20072008","EDM",2280.2,-0.0041,1538,-6.3,5,1
"DWAYNE.ROLOSON","20082009","EDM",3531.16,0.00295,2606,7.7,26.8,4.9
"DWAYNE.ROLOSON","20092010","NYI",2877.32,0.00385,2104,8.1,23.5,4.4
"DWAYNE.ROLOSON","20102011","NYI",1205.98,-0.00078,903,-0.7,5.9,1.1
"DWAYNE.ROLOSON","20102011","T.B",1992.46,-0.00694,1341,-9.3,0.5,0.1
"DWAYNE.ROLOSON","20112012","T.B",2093.5,-0.01611,1539,-24.8,-13.5,-2.7
"EDDIE.LACK","20132014","VAN",2318.83,0.0008,1496,1.2,12.1,2.4
"EDDIE.LACK","20142015","VAN",2303.96,0.00738,1598,11.8,23.5,4.6
"EDDIE.LACK","20152016","CAR",1919.84,-0.00658,1292,-8.5,1,0.2
"EDDIE.LACK","20162017","CAR",1089.4,-0.00271,738,-2,3.4,0.7
"EDDIE.LACK","20172018","N.J",207.42,-0.00764,157,-1.2,-0.1,0
"EDWARD.PASQUALE","20182019","T.B",181.97,-0.01769,147,-2.6,-1.5,-0.3
"ERIC.COMRIE","20172018","WPG",180.25,-0.04569,116,-5.3,-4.5,-0.8
"ERIK.ERSBERG","20072008","L.A",798.97,0.00924,649,6,10.8,2.1
"ERIK.ERSBERG","20082009","L.A",1352.12,-0.00699,873,-6.1,0.2,0
"ERIK.ERSBERG","20092010","L.A",551.01,0.00512,332,1.7,4.1,0.8
"EVGENI.NABOKOV","20072008","S.J",4495.55,0.00122,2458,3,21,4
"EVGENI.NABOKOV","20082009","S.J",3557.59,0.00123,2191,2.7,18.8,3.4
"EVGENI.NABOKOV","20092010","S.J",4114.42,0.00861,2972,25.6,47.3,8.9
"EVGENI.NABOKOV","20112012","NYI",2377.77,0.0035,1687,5.9,18.2,3.6
"EVGENI.NABOKOV","20122013","NYI",2475.39,0.00031,1608,0.5,12.3,2.4
"EVGENI.NABOKOV","20132014","NYI",2234.23,0.00276,1484,4.1,15,2.9
"EVGENI.NABOKOV","20142015","T.B",553.39,-0.02335,334,-7.8,-5.4,-1.1
"FREDERIK.ANDERSEN","20132014","ANA",1569.43,0.00633,1075,6.8,14.7,2.9
"FREDERIK.ANDERSEN","20142015","ANA",3078,0.00109,2023,2.2,17,3.3
"FREDERIK.ANDERSEN","20152016","ANA",2297.95,0.00358,1537,5.5,16.7,3.3
"FREDERIK.ANDERSEN","20162017","TOR",3799.36,0.00864,2918,25.2,46.5,8.9
"FREDERIK.ANDERSEN","20172018","TOR",3888.53,0.00232,3054,7.1,29.5,5.3
"FREDERIK.ANDERSEN","20182019","TOR",3510.25,0.0065,2770,18,38.3,6.7
"FREDRIK.NORRENA","20072008","CBJ",1874.37,-0.01239,1049,-13,-5.3,-1
"FREDRIK.NORRENA","20082009","CBJ",323.17,-0.03073,179,-5.5,-4.2,-0.8
"GARRET.SPARKS","20152016","TOR",974.95,-0.01484,640,-9.5,-4.8,-0.9
"GARRET.SPARKS","20182019","TOR",1104.7,-0.01133,821,-9.3,-3.3,-0.6
"HANNU.TOIVONEN","20072008","STL",1202.49,-0.01053,807,-8.5,-2.6,-0.5
"HARRI.SATERI","20172018","FLA",492.6,-0.00499,361,-1.8,0.9,0.2
"HENRIK.KARLSSON","20102011","CGY",834.84,-0.00602,532,-3.2,0.7,0.1
"HENRIK.KARLSSON","20112012","CGY",454.17,-0.00536,317,-1.7,0.6,0.1
"HENRIK.LUNDQVIST","20072008","NYR",4041.95,0.01057,2337,24.7,41.8,8
"HENRIK.LUNDQVIST","20082009","NYR",4147.77,0.01099,2748,30.2,50.3,9.2
"HENRIK.LUNDQVIST","20092010","NYR",4183.81,0.01061,2951,31.3,52.9,10
"HENRIK.LUNDQVIST","20102011","NYR",3966.68,0.00801,2648,21.2,40.5,7.8
"HENRIK.LUNDQVIST","20112012","NYR",3693.3,0.01447,2446,35.4,53.3,10.5
"HENRIK.LUNDQVIST","20122013","NYR",2575.61,0.01108,1661,18.4,30.5,6
"HENRIK.LUNDQVIST","20132014","NYR",3630.34,0.00655,2411,15.8,33.4,6.5
"HENRIK.LUNDQVIST","20142015","NYR",2742.62,0.00632,1851,11.7,25.3,5
"HENRIK.LUNDQVIST","20152016","NYR",3772.4,0.00554,2726,15.1,35,6.9
"HENRIK.LUNDQVIST","20162017","NYR",3240.25,0.00018,2284,0.4,17.1,3.3
"HENRIK.LUNDQVIST","20172018","NYR",3502.54,0.00011,2738,0.3,20.3,3.6
"HENRIK.LUNDQVIST","20182019","NYR",3088.88,-0.00196,2297,-4.5,12.3,2.2
"ILYA.BRYZGALOV","20072008","ANA",426.88,-0.00731,260,-1.9,0,0
"ILYA.BRYZGALOV","20072008","ARI",3147.09,0.00835,2299,19.2,36,6.9
"ILYA.BRYZGALOV","20082009","ARI",3699.95,-0.00545,2787,-15.2,5.2,1
"ILYA.BRYZGALOV","20092010","ARI",3963.09,0.00642,2694,17.3,37,7
"ILYA.BRYZGALOV","20102011","ARI",4054.89,0.00631,3012,19,41,7.9
"ILYA.BRYZGALOV","20112012","PHI",3415.27,-0.00032,2197,-0.7,15.3,3
"ILYA.BRYZGALOV","20122013","PHI",2297.76,-0.00518,1563,-8.1,3.4,0.7
"ILYA.BRYZGALOV","20132014","EDM",1135.24,-0.00121,906,-1.1,5.5,1.1
"ILYA.BRYZGALOV","20132014","MIN",678.73,-0.00507,375,-1.9,0.9,0.2
"ILYA.BRYZGALOV","20142015","ANA",329.48,-0.06135,207,-12.7,-11.2,-2.2
"JACK.CAMPBELL","20172018","L.A",266.62,-0.00206,194,-0.4,1,0.2
"JACK.CAMPBELL","20182019","L.A",1572.77,0.0103,1185,12.2,20.9,3.7
"JACOB.MARKSTROM","20112012","FLA",383.25,0.00479,292,1.4,3.5,0.7
"JACOB.MARKSTROM","20122013","FLA",1265.76,-0.01046,908,-9.5,-2.8,-0.6
"JACOB.MARKSTROM","20132014","FLA",613.78,-0.02992,391,-11.7,-8.8,-1.7
"JACOB.MARKSTROM","20132014","VAN",199.57,0.0113,115,1.3,2.1,0.4
"JACOB.MARKSTROM","20152016","VAN",1847.3,-0.00007,1348,-0.1,9.8,1.9
"JACOB.MARKSTROM","20162017","VAN",1411.83,-0.00097,930,-0.9,5.9,1.1
"JACOB.MARKSTROM","20172018","VAN",3413.73,-0.00148,2428,-3.6,14.2,2.5
"JACOB.MARKSTROM","20182019","VAN",3599.02,0.00377,2602,9.8,28.8,5.1
"JAKE.ALLEN","20122013","STL",803.89,0.00082,485,0.4,4,0.8
"JAKE.ALLEN","20142015","STL",2076.81,-0.00282,1275,-3.6,5.7,1.1
"JAKE.ALLEN","20152016","STL",2583.36,0.00249,1685,4.2,16.6,3.2
"JAKE.ALLEN","20162017","STL",3418.04,-0.0017,2241,-3.8,12.6,2.4
"JAKE.ALLEN","20172018","STL",3316.96,-0.00704,2186,-15.4,0.6,0.1
"JAKE.ALLEN","20182019","STL",2567.92,-0.00281,1746,-4.9,7.9,1.4
"JAMES.REIMER","20102011","TOR",2080.14,0.00382,1597,6.1,17.7,3.4
"JAMES.REIMER","20112012","TOR",1879.25,-0.00924,1363,-12.6,-2.6,-0.5
"JAMES.REIMER","20122013","TOR",1856.14,0.003,1433,4.3,14.8,2.9
"JAMES.REIMER","20132014","TOR",1784.63,-0.00272,1578,-4.3,7.2,1.4
"JAMES.REIMER","20142015","TOR",1766.84,-0.00431,1345,-5.8,4.1,0.8
"JAMES.REIMER","20152016","S.J",481.43,0.01434,279,4,6.1,1.2
"JAMES.REIMER","20152016","TOR",1809,0.00131,1294,1.7,11.2,2.2
"JAMES.REIMER","20162017","FLA",2324.26,-0.00259,1584,-4.1,7.5,1.4
"JAMES.REIMER","20172018","FLA",2411.41,-0.00102,1855,-1.9,11.7,2.1
"JAMES.REIMER","20182019","FLA",1805.18,-0.00739,1245,-9.2,-0.1,0
"JARED.COREAU","20162017","DET",706.87,-0.01406,505,-7.1,-3.4,-0.7
"JARED.COREAU","20172018","DET",380.43,-0.02929,280,-8.2,-6.1,-1.1
"JAROSLAV.HALAK","20072008","MTL",284.66,0.00905,221,2,3.6,0.7
"JAROSLAV.HALAK","20082009","MTL",1930.78,0.0057,1510,8.6,19.6,3.6
"JAROSLAV.HALAK","20092010","MTL",2629.92,0.00913,1928,17.6,31.7,6
"JAROSLAV.HALAK","20102011","STL",3294.39,0.00166,2170,3.6,19.4,3.7
"JAROSLAV.HALAK","20112012","STL",2686.62,0.00659,1653,10.9,23,4.5
"JAROSLAV.HALAK","20122013","STL",812.59,-0.00339,413,-1.4,1.6,0.3
"JAROSLAV.HALAK","20132014","STL",2237.97,-0.00044,1367,-0.6,9.4,1.8
"JAROSLAV.HALAK","20132014","WSH",695.63,0.00721,527,3.8,7.7,1.5
"JAROSLAV.HALAK","20142015","NYI",3529.97,0.00622,2284,14.2,30.9,6.1
"JAROSLAV.HALAK","20152016","NYI",2091.16,0.00316,1359,4.3,14.3,2.8
"JAROSLAV.HALAK","20162017","NYI",1605.45,0.00555,1226,6.8,15.8,3
"JAROSLAV.HALAK","20172018","NYI",3024.07,-0.00311,2345,-7.3,9.8,1.8
"JAROSLAV.HALAK","20182019","BOS",2308.12,0.00811,1590,12.9,24.6,4.3
"JASON.LABARBERA","20072008","L.A",2400.71,0.0018,1838,3.3,16.8,3.2
"JASON.LABARBERA","20082009","L.A",990.43,-0.00658,653,-4.3,0.5,0.1
"JASON.LABARBERA","20082009","VAN",431.09,-0.00066,304,-0.2,2,0.4
"JASON.LABARBERA","20092010","ARI",927.87,0.00816,625,5.1,9.7,1.8
"JASON.LABARBERA","20102011","ARI",882.64,-0.00169,708,-1.2,4,0.8
"JASON.LABARBERA","20112012","ARI",994.64,-0.00574,680,-3.9,1,0.2
"JASON.LABARBERA","20122013","ARI",725.92,0.00764,576,4.4,8.6,1.7
"JASON.LABARBERA","20132014","EDM",348.32,-0.02451,204,-5,-3.5,-0.7
"JASON.LABARBERA","20142015","ANA",207.47,-0.02214,131,-2.9,-2,-0.4
"JEAN-FRANCOIS.BERUBE","20152016","NYI",398.7,0.00187,268,0.5,2.5,0.5
"JEAN-FRANCOIS.BERUBE","20162017","NYI",526.82,-0.02685,365,-9.8,-7.1,-1.4
"JEAN-SEBASTIEN.GIGUERE","20072008","ANA",3137.39,0.0071,1929,13.7,27.9,5.4
"JEAN-SEBASTIEN.GIGUERE","20082009","ANA",2389.37,-0.00867,1683,-14.6,-2.3,-0.4
"JEAN-SEBASTIEN.GIGUERE","20092010","ANA",1108.35,-0.00131,842,-1.1,5,1
"JEAN-SEBASTIEN.GIGUERE","20092010","TOR",915.31,0.00539,631,3.4,8,1.5
"JEAN-SEBASTIEN.GIGUERE","20102011","TOR",1633.02,-0.00651,1122,-7.3,0.9,0.2
"JEAN-SEBASTIEN.GIGUERE","20112012","COL",1819.57,0.00236,1187,2.8,11.4,2.2
"JEAN-SEBASTIEN.GIGUERE","20122013","COL",907.82,-0.00715,629,-4.5,0.1,0
"JEAN-SEBASTIEN.GIGUERE","20132014","COL",1211.62,0.00317,884,2.8,9.3,1.8
"JEFF.DESLAURIERS","20092010","EDM",2613.65,-0.00552,2064,-11.4,3.7,0.7
"JEFF.DESLAURIERS","20112012","ANA",241.2,0.00118,170,0.2,1.5,0.3
"JEFF.DROUIN-DESLAURIERS","20082009","EDM",534.62,-0.00351,427,-1.5,1.6,0.3
"JEFF.DROUIN-DESLAURIERS","20092010","EDM",183.97,0.00469,128,0.6,1.5,0.3
"JEFF.GLASS","20172018","CHI",820.87,-0.00304,624,-1.9,2.7,0.5
"JEFF.ZATKOFF","20132014","PIT",1171.32,-0.0038,816,-3.1,2.9,0.6
"JEFF.ZATKOFF","20152016","PIT",732.05,-0.00302,529,-1.6,2.2,0.4
"JEFF.ZATKOFF","20162017","L.A",550.41,-0.03389,301,-10.2,-8,-1.5
"JEREMY.SMITH","20162017","COL",542.71,-0.02353,357,-8.4,-5.8,-1.1
"J-F.BERUBE","20172018","CHI",563.15,-0.01123,463,-5.2,-1.8,-0.3
"JHONAS.ENROTH","20102011","BUF",769.4,-0.00346,549,-1.9,2.1,0.4
"JHONAS.ENROTH","20112012","BUF",1399.25,0.00235,1062,2.5,10.3,2
"JHONAS.ENROTH","20122013","BUF",623.43,0.00173,463,0.8,4.2,0.8
"JHONAS.ENROTH","20132014","BUF",1574.24,-0.00299,1170,-3.5,5,1
"JHONAS.ENROTH","20142015","BUF",2204,-0.00759,1725,-13.1,-0.5,-0.1
"JHONAS.ENROTH","20142015","DAL",629.56,0.00051,389,0.2,3,0.6
"JHONAS.ENROTH","20152016","L.A",856.29,0.01038,549,5.7,9.7,1.9
"JHONAS.ENROTH","20162017","TOR",274.43,-0.02169,189,-4.1,-2.7,-0.5
"JIMMY.HOWARD","20072008","DET",197.07,0.0126,127,1.6,2.5,0.5
"JIMMY.HOWARD","20092010","DET",3676.43,0.00341,2406,8.2,25.8,4.9
"JIMMY.HOWARD","20102011","DET",3615.26,-0.00362,2486,-9,9.2,1.8
"JIMMY.HOWARD","20112012","DET",3360.26,0.00243,2014,4.9,19.7,3.9
"JIMMY.HOWARD","20122013","DET",2445.72,0.00871,1492,13,24,4.7
"JIMMY.HOWARD","20132014","DET",3003.79,-0.00312,1958,-6.1,8.2,1.6
"JIMMY.HOWARD","20142015","DET",2965.64,-0.00462,1820,-8.4,4.9,1
"JIMMY.HOWARD","20152016","DET",1973.7,-0.00419,1335,-5.6,4.2,0.8
"JIMMY.HOWARD","20162017","DET",1396.72,0.00805,956,7.7,14.7,2.8
"JIMMY.HOWARD","20172018","DET",3367.65,-0.00063,2393,-1.5,16,2.9
"JIMMY.HOWARD","20182019","DET",3052.72,0.00144,2367,3.4,20.7,3.6
"JOCELYN.THIBAULT","20072008","BUF",478.52,-0.00255,314,-0.8,1.5,0.3
"JOEY.MACDONALD","20082009","NYI",2767.74,-0.00148,2167,-3.2,12.6,2.3
"JOEY.MACDONALD","20092010","TOR",318.82,-0.02027,222,-4.5,-2.9,-0.5
"JOEY.MACDONALD","20102011","DET",720.84,0.00728,508,3.7,7.4,1.4
"JOEY.MACDONALD","20112012","DET",805.56,0.00702,484,3.4,6.9,1.4
"JOEY.MACDONALD","20122013","CGY",1128.45,-0.00272,772,-2.1,3.6,0.7
"JOEY.MACDONALD","20132014","CGY",598.74,-0.01541,370,-5.7,-2.9,-0.6
"JOHAN.HEDBERG","20072008","ATL",1746.75,-0.01317,1245,-16.4,-7.3,-1.4
"JOHAN.HEDBERG","20082009","ATL",1711.71,-0.01068,1217,-13,-4.1,-0.8
"JOHAN.HEDBERG","20092010","ATL",2631.92,0.00297,1785,5.3,18.4,3.5
"JOHAN.HEDBERG","20102011","N.J",1717.48,-0.00305,1015,-3.1,4.3,0.8
"JOHAN.HEDBERG","20112012","N.J",1591.16,-0.00283,953,-2.7,4.3,0.8
"JOHAN.HEDBERG","20122013","N.J",1108.27,-0.01599,588,-9.4,-5.1,-1
"JOHAN.HOLMQVIST","20072008","T.B",2464.23,-0.01908,1546,-29.5,-18.2,-3.5
"JOHN.GIBSON","20132014","ANA",181.12,0.03212,137,4.4,5.4,1.1
"JOHN.GIBSON","20142015","ANA",1319.92,0.00033,921,0.3,7,1.4
"JOHN.GIBSON","20152016","ANA",2294.59,0.00185,1408,2.6,12.9,2.5
"JOHN.GIBSON","20162017","ANA",2950.37,0.00851,1997,17,31.6,6.1
"JOHN.GIBSON","20172018","ANA",3428.47,0.00887,2672,23.7,43.2,7.7
"JOHN.GIBSON","20182019","ANA",3226.5,0.00724,2582,18.7,37.6,6.6
"JOHN.GRAHAME","20072008","CAR",827.52,-0.01731,543,-9.4,-5.4,-1
"JONAS.GUSTAVSSON","20092010","TOR",2339.59,-0.00727,1609,-11.7,0.1,0
"JONAS.GUSTAVSSON","20102011","TOR",1242.1,-0.02176,873,-19,-12.6,-2.4
"JONAS.GUSTAVSSON","20112012","TOR",2300.7,-0.00612,1634,-10,2,0.4
"JONAS.GUSTAVSSON","20122013","DET",349.25,-0.02108,204,-4.3,-2.8,-0.5
"JONAS.GUSTAVSSON","20132014","DET",1550.65,-0.00684,965,-6.6,0.5,0.1
"JONAS.GUSTAVSSON","20142015","DET",351.2,0.00255,235,0.6,2.3,0.5
"JONAS.GUSTAVSSON","20152016","BOS",1258.47,-0.01124,863,-9.7,-3.4,-0.7
"JONAS.GUSTAVSSON","20162017","EDM",328.97,-0.03622,196,-7.1,-5.6,-1.1
"JONAS.HILLER","20072008","ANA",1159.6,0.01534,730,11.2,16.5,3.2
"JONAS.HILLER","20082009","ANA",2358.16,0.0077,1636,12.6,24.6,4.5
"JONAS.HILLER","20092010","ANA",3197.77,0.0043,2444,10.5,28.4,5.4
"JONAS.HILLER","20102011","ANA",2671.54,0.00779,2104,16.4,31.8,6.1
"JONAS.HILLER","20112012","ANA",4247.54,-0.00084,2871,-2.4,18.6,3.6
"JONAS.HILLER","20122013","ANA",1498.32,-0.00153,978,-1.5,5.6,1.1
"JONAS.HILLER","20132014","ANA",2908.81,0.00303,1981,6,20.5,4
"JONAS.HILLER","20142015","CGY",2850.9,0.0011,2001,2.2,16.9,3.3
"JONAS.HILLER","20152016","CGY",1350.85,-0.02564,944,-24.2,-17.3,-3.4
"JONATHAN.BERNIER","20072008","L.A",238.38,-0.01461,178,-2.6,-1.3,-0.2
"JONATHAN.BERNIER","20092010","L.A",180,0.02411,141,3.4,4.4,0.8
"JONATHAN.BERNIER","20102011","L.A",1378.24,-0.00556,900,-5,1.6,0.3
"JONATHAN.BERNIER","20112012","L.A",890.21,-0.00507,533,-2.7,1.2,0.2
"JONATHAN.BERNIER","20122013","L.A",768.34,0.00395,456,1.8,5.1,1
"JONATHAN.BERNIER","20132014","TOR",3078.56,0.00458,2555,11.7,30.4,5.9
"JONATHAN.BERNIER","20142015","TOR",3177.13,0.00221,2494,5.5,23.8,4.7
"JONATHAN.BERNIER","20152016","TOR",2146.78,-0.00778,1556,-12.1,-0.7,-0.1
"JONATHAN.BERNIER","20162017","ANA",1993.2,0.00388,1470,5.7,16.5,3.2
"JONATHAN.BERNIER","20172018","COL",2001.41,-0.00294,1498,-4.4,6.5,1.2
"JONATHAN.BERNIER","20182019","DET",1859.9,-0.00447,1410,-6.3,4,0.7
"JONATHAN.QUICK","20082009","L.A",2484.9,0.0029,1692,4.9,17.2,3.2
"JONATHAN.QUICK","20092010","L.A",4099.67,0.00063,2679,1.7,21.3,4
"JONATHAN.QUICK","20102011","L.A",3590.57,0.00278,2338,6.5,23.6,4.5
"JONATHAN.QUICK","20112012","L.A",4099.44,0.00908,2732,24.8,44.8,8.8
"JONATHAN.QUICK","20122013","L.A",2133.7,-0.0031,1258,-3.9,5.3,1
"JONATHAN.QUICK","20132014","L.A",2894.75,0.00302,1720,5.2,17.8,3.5
"JONATHAN.QUICK","20142015","L.A",4180.13,0.0012,2664,3.2,22.7,4.5
"JONATHAN.QUICK","20152016","L.A",4034.5,0.00707,2573,18.2,37,7.2
"JONATHAN.QUICK","20162017","L.A",930.9,0.01406,633,8.9,13.5,2.6
"JONATHAN.QUICK","20172018","L.A",3677.06,0.0085,2646,22.5,41.9,7.5
"JONATHAN.QUICK","20182019","L.A",2622.57,-0.01233,1865,-23,-9.4,-1.6
"JON.GILLIES","20172018","CGY",604.93,-0.00814,393,-3.2,-0.4,-0.1
"JONI.ORTIO","20132014","CGY",500.92,-0.01409,291,-4.1,-1.9,-0.4
"JONI.ORTIO","20142015","CGY",333.27,-0.01005,219,-2.2,-0.6,-0.1
"JONI.ORTIO","20152016","CGY",1195.54,-0.00418,814,-3.4,2.6,0.5
"JOONAS.KORPISALO","20152016","CBJ",1803.01,0.00423,1349,5.7,15.6,3.1
"JOONAS.KORPISALO","20162017","CBJ",790.53,0.00085,590,0.5,4.8,0.9
"JOONAS.KORPISALO","20172018","CBJ",1048.78,-0.01043,738,-7.7,-2.3,-0.4
"JOONAS.KORPISALO","20182019","CBJ",1360.57,-0.00934,889,-8.3,-1.8,-0.3
"JORDAN.BINNINGTON","20182019","STL",1856.42,0.00988,1123,11.1,19.3,3.4
"JOSE.THEODORE","20072008","COL",2966.67,0.00339,1828,6.2,19.6,3.8
"JOSE.THEODORE","20082009","WSH",3263.44,-0.00211,2176,-4.6,11.3,2.1
"JOSE.THEODORE","20092010","WSH",2585.64,-0.0012,1839,-2.2,11.3,2.1
"JOSE.THEODORE","20102011","MIN",1792.89,-0.00217,1335,-2.9,6.9,1.3
"JOSE.THEODORE","20112012","FLA",3049.43,0.00152,2034,3.1,18,3.5
"JOSE.THEODORE","20122013","FLA",766.47,-0.01638,531,-8.7,-4.9,-1
"JOSH.HARDING","20072008","MIN",1510.56,-0.0037,1053,-3.9,3.8,0.7
"JOSH.HARDING","20082009","MIN",849.83,0.01405,612,8.6,13,2.4
"JOSH.HARDING","20092010","MIN",1300.18,-0.0059,916,-5.4,1.3,0.2
"JOSH.HARDING","20112012","MIN",1849.87,0.0022,1361,3,13,2.5
"JOSH.HARDING","20122013","MIN",185.09,-0.05,108,-5.4,-4.6,-0.9
"JOSH.HARDING","20132014","MIN",1657.72,0.01068,1002,10.7,18,3.5
"J-SEBASTIEN.AUBIN","20072008","L.A",822.72,-0.01255,550,-6.9,-2.9,-0.5
"JUSTIN.PETERS","20092010","CAR",488,0.00324,370,1.2,4,0.7
"JUSTIN.PETERS","20102011","CAR",648.27,-0.02068,474,-9.8,-6.4,-1.2
"JUSTIN.PETERS","20112012","CAR",387.07,0.01498,327,4.9,7.3,1.4
"JUSTIN.PETERS","20122013","CAR",953.55,-0.00167,719,-1.2,4,0.8
"JUSTIN.PETERS","20132014","CAR",1225.33,0.00542,886,4.8,11.3,2.2
"JUSTIN.PETERS","20142015","WSH",646.97,-0.01795,429,-7.7,-4.6,-0.9
"JUSTIN.POGGE","20082009","TOR",371.7,-0.05212,236,-12.3,-10.5,-1.9
"JUUSE.SAROS","20162017","NSH",1199.94,0.00023,864,0.2,6.6,1.3
"JUUSE.SAROS","20172018","NSH",1496.68,0.00949,1075,10.2,18.1,3.2
"JUUSE.SAROS","20182019","NSH",1696.22,0.00697,1234,8.6,17.7,3.1
"KARI.LEHTONEN","20072008","ATL",2585.82,0.00021,1922,0.4,14.4,2.8
"KARI.LEHTONEN","20082009","ATL",2559.76,0.00005,1903,0.1,14,2.6
"KARI.LEHTONEN","20092010","DAL",642.96,-0.00406,468,-1.9,1.5,0.3
"KARI.LEHTONEN","20102011","DAL",4089.18,0,2839,0,20.8,4
"KARI.LEHTONEN","20112012","DAL",3476.82,0.00314,2423,7.6,25.3,5
"KARI.LEHTONEN","20122013","DAL",1986.2,0.01009,1467,14.8,25.6,5
"KARI.LEHTONEN","20132014","DAL",3804.02,0.00629,2670,16.8,36.4,7.1
"KARI.LEHTONEN","20142015","DAL",3697.71,-0.00216,2636,-5.7,13.6,2.7
"KARI.LEHTONEN","20152016","DAL",2279.19,-0.00043,1618,-0.7,11.1,2.2
"KARI.LEHTONEN","20162017","DAL",3177.16,-0.00145,2207,-3.2,12.9,2.5
"KARI.LEHTONEN","20172018","DAL",1944.29,-0.00121,1321,-1.6,8,1.4
"KARRI.RAMO","20072008","T.B",1268.71,-0.01064,865,-9.2,-2.8,-0.5
"KARRI.RAMO","20082009","T.B",1306.9,-0.00647,1005,-6.5,0.8,0.1
"KARRI.RAMO","20132014","CGY",2193.76,-0.0002,1536,-0.3,11,2.1
"KARRI.RAMO","20142015","CGY",1731.8,-0.00205,1172,-2.4,6.2,1.2
"KARRI.RAMO","20152016","CGY",2144.64,-0.00194,1443,-2.8,7.8,1.5
"KEITH.KINKAID","20142015","N.J",905.42,-0.00507,611,-3.1,1.4,0.3
"KEITH.KINKAID","20152016","N.J",1240.74,-0.01266,837,-10.6,-4.5,-0.9
"KEITH.KINKAID","20162017","N.J",1476.08,0.00287,1011,2.9,10.3,2
"KEITH.KINKAID","20172018","N.J",2297.57,0.00111,1712,1.9,14.5,2.6
"KEITH.KINKAID","20182019","N.J",2281.97,-0.00969,1661,-16.1,-3.9,-0.7
"KEVIN.BOYLE","20182019","ANA",276.85,0.00697,201,1.4,2.8,0.5
"KEVIN.POULIN","20102011","NYI",491.32,0.00745,349,2.6,5.2,1
"KEVIN.POULIN","20112012","NYI",296.29,-0.0019,211,-0.4,1.2,0.2
"KEVIN.POULIN","20122013","NYI",257.61,-0.00341,176,-0.6,0.7,0.1
"KEVIN.POULIN","20132014","NYI",1625.31,-0.01585,1167,-18.5,-10,-1.9
"KEVIN.WEEKES","20072008","N.J",343.41,-0.01226,212,-2.6,-1,-0.2
"KEVIN.WEEKES","20082009","N.J",789.54,0.00504,516,2.6,6.3,1.2
"LAURENT.BROSSOIT","20152016","EDM",299.51,-0.0133,218,-2.9,-1.3,-0.3
"LAURENT.BROSSOIT","20162017","EDM",332.45,0.01221,213,2.6,4.2,0.8
"LAURENT.BROSSOIT","20172018","EDM",740.23,-0.02043,465,-9.5,-6.1,-1.1
"LAURENT.BROSSOIT","20182019","WPG",1165.28,0.01114,898,10,16.6,2.9
"LELAND.IRVING","20112012","CGY",394.42,0.00031,321,0.1,2.5,0.5
"LELAND.IRVING","20122013","CGY",270.07,-0.01529,170,-2.6,-1.4,-0.3
"LINUS.ULLMARK","20152016","BUF",1130.62,-0.00856,783,-6.7,-0.9,-0.2
"LINUS.ULLMARK","20172018","BUF",240.3,0.0092,174,1.6,2.9,0.5
"LINUS.ULLMARK","20182019","BUF",2102.1,-0.00861,1498,-12.9,-2,-0.3
"LOUIS.DOMINGUE","20142015","ARI",307.75,0.00259,232,0.6,2.2,0.4
"LOUIS.DOMINGUE","20152016","ARI",2206.07,-0.00322,1644,-5.3,6.7,1.3
"LOUIS.DOMINGUE","20162017","ARI",1598.68,-0.0008,1253,-1,8.2,1.6
"LOUIS.DOMINGUE","20172018","ARI",387.74,-0.03897,272,-10.6,-8.6,-1.5
"LOUIS.DOMINGUE","20172018","T.B",686.03,0.00568,511,2.9,6.7,1.2
"LOUIS.DOMINGUE","20182019","T.B",1560.62,-0.00535,1084,-5.8,2.2,0.4
"MACKENZIE.BLACKWOOD","20182019","N.J",1263.87,0.00392,919,3.6,10.3,1.8
"MALCOLM.SUBBAN","20172018","VGK",1230.19,-0.00139,863,-1.2,5.1,0.9
"MALCOLM.SUBBAN","20182019","VGK",1226.78,-0.0074,784,-5.8,0,0
"MANNY.FERNANDEZ","20072008","BOS",224.11,-0.04478,134,-6,-5,-1
"MANNY.FERNANDEZ","20082009","BOS",1644.06,0.0034,1059,3.6,11.4,2.1
"MANNY.LEGACE","20072008","STL",3458.07,0.00181,2212,4,20.2,3.9
"MANNY.LEGACE","20082009","STL",1325.56,-0.02473,845,-20.9,-14.8,-2.7
"MANNY.LEGACE","20092010","CAR",1467.01,0.00221,1088,2.4,10.4,2
"MARC-ANDRE.FLEURY","20072008","PIT",1775.95,0.00582,1254,7.3,16.5,3.2
"MARC-ANDRE.FLEURY","20082009","PIT",3534.35,-0.00176,2450,-4.3,13.6,2.5
"MARC-ANDRE.FLEURY","20092010","PIT",3733.3,-0.00431,2505,-10.8,7.5,1.4
"MARC-ANDRE.FLEURY","20102011","PIT",3695.17,0.0009,2341,2.1,19.3,3.7
"MARC-ANDRE.FLEURY","20112012","PIT",3831.21,0.00075,2410,1.8,19.5,3.8
"MARC-ANDRE.FLEURY","20122013","PIT",1857.75,-0.00032,1235,-0.4,8.6,1.7
"MARC-ANDRE.FLEURY","20132014","PIT",3787.41,-0.00183,2513,-4.6,13.8,2.7
"MARC-ANDRE.FLEURY","20142015","PIT",3776.69,0.00183,2458,4.5,22.4,4.4
"MARC-ANDRE.FLEURY","20152016","PIT",3462.55,-0.00061,2278,-1.4,15.3,3
"MARC-ANDRE.FLEURY","20162017","PIT",2125.26,-0.00019,1547,-0.3,11,2.1
"MARC-ANDRE.FLEURY","20172018","VGK",2673.4,0.00692,1908,13.2,27.2,4.8
"MARC-ANDRE.FLEURY","20182019","VGK",3635.13,0.00222,2339,5.2,22.3,3.9
"MARC.DENIS","20072008","T.B",408.33,-0.01685,267,-4.5,-2.6,-0.5
"MARCUS.HOGBERG","20182019","OTT",205.5,-0.01156,173,-2,-0.7,-0.1
"MAREK.MAZANEC","20132014","NSH",1349.5,-0.01105,941,-10.4,-3.5,-0.7
"MAREK.MAZANEC","20162017","NSH",177.58,-0.05276,127,-6.7,-5.8,-1.1
"MARTIN.BIRON","20072008","PHI",3479.05,0.00114,2466,2.8,20.8,4
"MARTIN.BIRON","20082009","PHI",3156.54,0.0043,2349,10.1,27.3,5
"MARTIN.BIRON","20092010","NYI",1614.11,-0.00934,1167,-10.9,-2.4,-0.5
"MARTIN.BIRON","20102011","NYR",927.5,0.01096,584,6.4,10.7,2
"MARTIN.BIRON","20112012","NYR",1220.03,0.00252,713,1.8,7.1,1.4
"MARTIN.BIRON","20122013","NYR",335.7,0.0125,232,2.9,4.6,0.9
"MARTIN.BRODEUR","20072008","N.J",4535.03,0.00389,2673,10.4,30,5.8
"MARTIN.BRODEUR","20082009","N.J",1813.59,0.0016,1124,1.8,10.1,1.8
"MARTIN.BRODEUR","20092010","N.J",4459.01,-0.00285,2634,-7.5,11.7,2.2
"MARTIN.BRODEUR","20102011","N.J",3116.07,-0.01121,1757,-19.7,-6.9,-1.3
"MARTIN.BRODEUR","20112012","N.J",3387.49,-0.00747,1928,-14.4,-0.3,-0.1
"MARTIN.BRODEUR","20122013","N.J",1752.35,-0.00752,864,-6.5,-0.2,0
"MARTIN.BRODEUR","20132014","N.J",2296.74,-0.01439,1272,-18.3,-9,-1.8
"MARTIN.BRODEUR","20142015","STL",355.72,-0.01532,222,-3.4,-1.8,-0.4
"MARTIN.GERBER","20072008","OTT",3197.06,0.00165,2177,3.6,19.6,3.8
"MARTIN.GERBER","20082009","OTT",838.71,-0.00855,550,-4.7,-0.7,-0.1
"MARTIN.GERBER","20082009","TOR",705.95,-0.00119,588,-0.7,3.6,0.7
"MARTIN.GERBER","20102011","EDM",185,0.03307,127,4.2,5.1,1
"MARTIN.JONES","20132014","L.A",1094.66,0.01655,701,11.6,16.7,3.3
"MARTIN.JONES","20142015","L.A",775.36,-0.00022,448,-0.1,3.2,0.6
"MARTIN.JONES","20152016","S.J",3780.87,0.00062,2423,1.5,19.3,3.8
"MARTIN.JONES","20162017","S.J",3739.07,0.00067,2404,1.6,19.2,3.7
"MARTIN.JONES","20172018","S.J",3415.73,0.00383,2373,9.1,26.5,4.7
"MARTIN.JONES","20182019","S.J",3575.02,-0.00539,2338,-12.6,4.5,0.8
"MARTY.TURCO","20072008","DAL",3628.5,0.00046,2173,1,16.9,3.2
"MARTY.TURCO","20082009","DAL",4183.57,-0.00424,2734,-11.6,8.4,1.6
"MARTY.TURCO","20092010","DAL",3017.82,-0.00027,2225,-0.6,15.6,3
"MARTY.TURCO","20102011","CHI",1631.03,-0.01834,1058,-19.4,-11.6,-2.2
"MARTY.TURCO","20112012","BOS",260.62,-0.03515,165,-5.8,-4.6,-0.9
"MATHIEU.GARON","20072008","EDM",2500.85,0.00264,1858,4.9,18.5,3.5
"MATHIEU.GARON","20082009","EDM",814.68,-0.00593,590,-3.5,0.8,0.2
"MATHIEU.GARON","20082009","PIT",205.88,0.00863,139,1.2,2.2,0.4
"MATHIEU.GARON","20092010","CBJ",1770.76,-0.00377,1193,-4.5,4.2,0.8
"MATHIEU.GARON","20102011","CBJ",1938,-0.00986,1227,-12.1,-3.1,-0.6
"MATHIEU.GARON","20112012","T.B",2483.76,-0.01269,1686,-21.4,-9.1,-1.8
"MATHIEU.GARON","20122013","T.B",910.08,-0.01204,598,-7.2,-2.9,-0.6
"MATT.CLIMIE","20082009","DAL",184.27,-0.00315,127,-0.4,0.5,0.1
"MATT.HACKETT","20112012","MIN",535.57,0.00341,411,1.4,4.4,0.9
"MATT.HACKETT","20132014","BUF",426.1,-0.00274,328,-0.9,1.5,0.3
"MATT.HACKETT","20142015","BUF",250.24,-0.0278,223,-6.2,-4.5,-0.9
"MATTHEW.MURRAY","20152016","PIT",748.58,0.00346,462,1.6,5,1
"MATTHEW.MURRAY","20162017","PIT",2765.8,0.00513,1910,9.8,23.8,4.6
"MATTHEW.MURRAY","20172018","PIT",1859.37,-0.00745,1275,-9.5,-0.2,0
"MATT.MURRAY","20172018","PIT",873.58,-0.0019,630,-1.2,3.4,0.6
"MATT.MURRAY","20182019","PIT",2880.23,0.00204,2158,4.4,20.2,3.5
"MAXIME.LAGACE","20172018","VGK",873.51,-0.02422,578,-14,-9.7,-1.7
"MICHAEL.HUTCHINSON","20132014","WPG",183.03,0.01855,124,2.3,3.2,0.6
"MICHAEL.HUTCHINSON","20142015","WPG",2118.35,0.00149,1341,2,11.8,2.3
"MICHAEL.HUTCHINSON","20152016","WPG",1585.97,-0.0048,1083,-5.2,2.7,0.5
"MICHAEL.HUTCHINSON","20162017","WPG",1378.32,-0.01012,919,-9.3,-2.6,-0.5
"MICHAEL.HUTCHINSON","20172018","WPG",128.75,0,104,0,0.7,0.1
"MICHAEL.HUTCHINSON","20182019","FLA",201.23,-0.0408,125,-5.1,-4.2,-0.7
"MICHAEL.HUTCHINSON","20182019","TOR",294.93,0.00377,212,0.8,2.3,0.4
"MICHAEL.LEIGHTON","20082009","CAR",1028.74,0.00434,715,3.1,8.3,1.5
"MICHAEL.LEIGHTON","20092010","CAR",350.23,-0.02783,230,-6.4,-4.7,-0.9
"MICHAEL.LEIGHTON","20092010","PHI",1409.18,0.00719,1015,7.3,14.8,2.8
"MICHAEL.LEIGHTON","20162017","CAR",210.28,-0.02538,130,-3.3,-2.3,-0.4
"MICHAL.NEUVIRTH","20082009","WSH",219.51,-0.00682,132,-0.9,0.1,0
"MICHAL.NEUVIRTH","20092010","WSH",872.23,0,642,0,4.7,0.9
"MICHAL.NEUVIRTH","20102011","WSH",2644.5,-0.00225,1730,-3.9,8.8,1.7
"MICHAL.NEUVIRTH","20112012","WSH",1999.88,-0.01093,1345,-14.7,-4.8,-0.9
"MICHAL.NEUVIRTH","20122013","WSH",723.13,-0.00341,498,-1.7,2,0.4
"MICHAL.NEUVIRTH","20132014","BUF",117.05,0.025,120,3,3.9,0.8
"MICHAL.NEUVIRTH","20132014","WSH",766.96,-0.00304,559,-1.7,2.4,0.5
"MICHAL.NEUVIRTH","20142015","BUF",1543.79,0.00312,1312,4.1,13.7,2.7
"MICHAL.NEUVIRTH","20142015","NYI",305.96,-0.02426,169,-4.1,-2.8,-0.6
"MICHAL.NEUVIRTH","20152016","PHI",1825.5,0.00923,1235,11.4,20.4,4
"MICHAL.NEUVIRTH","20162017","PHI",1363.63,-0.0187,818,-15.3,-9.3,-1.8
"MICHAL.NEUVIRTH","20172018","PHI",1038.72,0.00193,724,1.4,6.7,1.2
"MICHAL.NEUVIRTH","20182019","PHI",365.63,-0.03402,244,-8.3,-6.5,-1.1
"MIIKKA.KIPRUSOFF","20072008","CGY",4316.25,-0.00579,2746,-15.9,4.2,0.8
"MIIKKA.KIPRUSOFF","20082009","CGY",4299.79,-0.00296,2910,-8.6,12.7,2.3
"MIIKKA.KIPRUSOFF","20092010","CGY",4050.31,0.00395,2735,10.8,30.8,5.8
"MIIKKA.KIPRUSOFF","20102011","CGY",4155.64,-0.00955,2681,-25.6,-5.9,-1.1
"MIIKKA.KIPRUSOFF","20112012","CGY",4068.98,0.00322,2860,9.2,30.2,5.9
"MIIKKA.KIPRUSOFF","20122013","CGY",1344.08,-0.02047,928,-19,-12.2,-2.4
"MIKAEL.TELLQVIST","20072008","ARI",1224.07,-0.00392,791,-3.1,2.7,0.5
"MIKAEL.TELLQVIST","20082009","ARI",712.73,-0.00236,509,-1.2,2.5,0.5
"MIKAEL.TELLQVIST","20082009","BUF",229.75,0.00964,166,1.6,2.8,0.5
"MIKE.BRODEUR","20092010","OTT",179.88,0.03033,122,3.7,4.6,0.9
"MIKE.CONDON","20152016","MTL",3122.67,-0.00572,2012,-11.5,3.2,0.6
"MIKE.CONDON","20162017","OTT",2304,0.00068,1620,1.1,12.9,2.5
"MIKE.CONDON","20172018","OTT",1626.39,-0.0107,1234,-13.2,-4.2,-0.7
"MIKE.MCKENNA","20082009","T.B",775.8,-0.01904,541,-10.3,-6.3,-1.2
"MIKE.MCKENNA","20132014","CBJ",219,-0.02026,153,-3.1,-2,-0.4
"MIKE.MCKENNA","20182019","OTT",454.38,-0.0193,373,-7.2,-4.5,-0.8
"MIKE.SMITH","20072008","DAL",1138.76,-0.00489,675,-3.3,1.7,0.3
"MIKE.SMITH","20072008","T.B",773.71,-0.01269,465,-5.9,-2.5,-0.5
"MIKE.SMITH","20082009","T.B",2466.35,-0.00163,1717,-2.8,9.8,1.8
"MIKE.SMITH","20092010","T.B",2267.57,-0.0098,1551,-15.2,-3.9,-0.7
"MIKE.SMITH","20102011","T.B",1202.48,-0.01868,787,-14.7,-8.9,-1.7
"MIKE.SMITH","20112012","ARI",3724.83,0.00906,2770,25.1,45.4,8.9
"MIKE.SMITH","20122013","ARI",1955.54,-0.00182,1318,-2.4,7.3,1.4
"MIKE.SMITH","20132014","ARI",3609.97,-0.0002,2557,-0.5,18.2,3.6
"MIKE.SMITH","20142015","ARI",3555.51,-0.00629,2672,-16.8,2.8,0.5
"MIKE.SMITH","20152016","ARI",1753.48,-0.00159,1322,-2.1,7.5,1.5
"MIKE.SMITH","20162017","ARI",3202.03,0.00258,2637,6.8,26.1,5
"MIKE.SMITH","20172018","CGY",3190.59,0.00589,2375,14,31.4,5.6
"MIKE.SMITH","20182019","CGY",2400.32,-0.00454,1498,-6.8,4.1,0.7
"MIKKO.KOSKINEN","20102011","NYI",207.85,-0.02795,161,-4.5,-3.4,-0.6
"MIKKO.KOSKINEN","20182019","EDM",2991.85,-0.00042,2130,-0.9,14.6,2.6
"NATHAN.LAWSON","20102011","NYI",384.31,-0.00432,324,-1.4,1,0.2
"NATHAN.LIEUWEN","20132014","BUF",363.37,0.00214,280,0.6,2.6,0.5
"NIKLAS.BACKSTROM","20072008","MIN",3301.91,-0.00112,2145,-2.4,13.3,2.6
"NIKLAS.BACKSTROM","20082009","MIN",4022.15,0.00184,2772,5.1,25.4,4.7
"NIKLAS.BACKSTROM","20092010","MIN",3469.38,-0.01164,2251,-26.2,-9.7,-1.8
"NIKLAS.BACKSTROM","20102011","MIN",2977.55,-0.00176,2156,-3.8,12,2.3
"NIKLAS.BACKSTROM","20112012","MIN",2529.69,0.0022,1820,4,17.3,3.4
"NIKLAS.BACKSTROM","20122013","MIN",2348.12,-0.00689,1452,-10,0.7,0.1
"NIKLAS.BACKSTROM","20132014","MIN",1094.12,-0.01007,735,-7.4,-2,-0.4
"NIKLAS.BACKSTROM","20142015","MIN",1004.9,-0.02604,626,-16.3,-11.7,-2.3
"NIKLAS.BACKSTROM","20152016","CGY",232.72,-0.03852,122,-4.7,-3.8,-0.7
"NIKLAS.SVEDBERG","20142015","BOS",895.19,0.00407,590,2.4,6.7,1.3
"NIKOLAI.KHABIBULIN","20072008","CHI",2812.03,-0.00425,1717,-7.3,5.2,1
"NIKOLAI.KHABIBULIN","20082009","CHI",2320.35,0.00839,1419,11.9,22.3,4.1
"NIKOLAI.KHABIBULIN","20092010","EDM",1029.55,-0.00282,780,-2.2,3.5,0.7
"NIKOLAI.KHABIBULIN","20102011","EDM",2681.1,-0.01025,1952,-20,-5.7,-1.1
"NIKOLAI.KHABIBULIN","20112012","EDM",2255.5,0.00218,1563,3.4,14.8,2.9
"NIKOLAI.KHABIBULIN","20122013","EDM",683.62,0.00721,527,3.8,7.6,1.5
"OLAF.KOLZIG","20072008","WSH",3088.67,-0.01035,1894,-19.6,-5.7,-1.1
"OLAF.KOLZIG","20082009","T.B",410.04,-0.01789,313,-5.6,-3.3,-0.6
"ONDREJ.PAVELEC","20072008","ATL",347.27,-0.00285,246,-0.7,1.1,0.2
"ONDREJ.PAVELEC","20082009","ATL",599.42,-0.01911,403,-7.7,-4.8,-0.9
"ONDREJ.PAVELEC","20092010","ATL",2312.57,-0.00342,1783,-6.1,6.9,1.3
"ONDREJ.PAVELEC","20102011","ATL",3225.2,0.00209,2299,4.8,21.6,4.1
"ONDREJ.PAVELEC","20112012","WPG",3932.45,0,2820,0,20.7,4.1
"ONDREJ.PAVELEC","20122013","WPG",2552.69,-0.00435,1747,-7.6,5.2,1
"ONDREJ.PAVELEC","20132014","WPG",3247.97,-0.00212,2315,-4.9,12,2.3
"ONDREJ.PAVELEC","20142015","WPG",2837.86,0.00844,1849,15.6,29.1,5.7
"ONDREJ.PAVELEC","20152016","WPG",1899,-0.00179,1282,-2.3,7.1,1.4
"ONDREJ.PAVELEC","20162017","WPG",439.45,-0.01769,294,-5.2,-3,-0.6
"ONDREJ.PAVELEC","20172018","NYR",903.7,0.00386,699,2.7,7.8,1.4
"OSCAR.DANSK","20172018","VGK",168.6,0.02,120,2.4,3.3,0.6
"PASCAL.LECLAIRE","20072008","CBJ",2903.47,0.0004,1744,0.7,13.5,2.6
"PASCAL.LECLAIRE","20082009","CBJ",608.72,-0.02594,401,-10.4,-7.5,-1.4
"PASCAL.LECLAIRE","20092010","OTT",1744.78,-0.01179,1145,-13.5,-5.1,-1
"PASCAL.LECLAIRE","20102011","OTT",763.05,0.00092,542,0.5,4.4,0.8
"PATRICK.LALIME","20072008","CHI",1827.84,-0.01172,1075,-12.6,-4.7,-0.9
"PATRICK.LALIME","20082009","BUF",1231.7,-0.01225,849,-10.4,-4.2,-0.8
"PATRICK.LALIME","20092010","BUF",836.55,0.00122,572,0.7,4.9,0.9
"PATRICK.LALIME","20102011","BUF",365.43,-0.00691,246,-1.7,0.1,0
"PEKKA.RINNE","20082009","NSH",2979.21,0.00464,1939,9,23.2,4.3
"PEKKA.RINNE","20092010","NSH",3245.69,-0.00363,2067,-7.5,7.6,1.4
"PEKKA.RINNE","20102011","NSH",3789.18,0.00926,2581,23.9,42.7,8.2
"PEKKA.RINNE","20112012","NSH",4108.88,0.00155,2904,4.5,25.8,5.1
"PEKKA.RINNE","20122013","NSH",2423.78,-0.00494,1537,-7.6,3.7,0.7
"PEKKA.RINNE","20132014","NSH",1366.82,-0.0135,889,-12,-5.5,-1.1
"PEKKA.RINNE","20142015","NSH",3850.79,0.00167,2453,4.1,22.1,4.3
"PEKKA.RINNE","20152016","NSH",3895.36,-0.01098,2331,-25.6,-8.6,-1.7
"PEKKA.RINNE","20162017","NSH",3547.79,-0.00067,2375,-1.6,15.8,3
"PEKKA.RINNE","20172018","NSH",3475.46,0.00755,2462,18.6,36.6,6.5
"PEKKA.RINNE","20182019","NSH",3219.73,0.00538,2136,11.5,27.1,4.7
"PETER.BUDAJ","20072008","COL",1787.98,-0.0039,1129,-4.4,3.9,0.7
"PETER.BUDAJ","20082009","COL",3071.18,-0.00486,2080,-10.1,5.1,0.9
"PETER.BUDAJ","20092010","COL",726.91,0.00074,543,0.4,4.4,0.8
"PETER.BUDAJ","20102011","COL",2438.36,-0.00995,1749,-17.4,-4.6,-0.9
"PETER.BUDAJ","20112012","MTL",1036.94,-0.00097,720,-0.7,4.6,0.9
"PETER.BUDAJ","20122013","MTL",656.47,-0.00463,389,-1.8,1.1,0.2
"PETER.BUDAJ","20132014","MTL",1337.64,-0.00124,887,-1.1,5.4,1
"PETER.BUDAJ","20162017","L.A",3029.39,0.00299,1842,5.5,19,3.6
"PETER.BUDAJ","20162017","T.B",278.51,-0.00743,175,-1.3,0,0
"PETER.BUDAJ","20172018","T.B",430.4,-0.0268,291,-7.8,-5.7,-1
"PETER.MANNINO","20082009","NYI",132.88,-0.01062,113,-1.2,-0.4,-0.1
"PETR.MRAZEK","20132014","DET",448.64,0.00795,239,1.9,3.7,0.7
"PETR.MRAZEK","20142015","DET",1584.84,0.00411,1023,4.2,11.7,2.3
"PETR.MRAZEK","20152016","DET",2960.25,0.00462,1970,9.1,23.5,4.6
"PETR.MRAZEK","20162017","DET",2857.54,-0.0074,1986,-14.7,-0.2,0
"PETR.MRAZEK","20172018","DET",1183.51,-0.00146,888,-1.3,5.2,0.9
"PETR.MRAZEK","20172018","PHI",913.2,-0.00989,627,-6.2,-1.6,-0.3
"PETR.MRAZEK","20182019","CAR",2386.85,0.00452,1550,7,18.3,3.2
"PHEONIX.COPLEY","20182019","WSH",1528.93,-0.00094,1066,-1,6.8,1.2
"PHILIPP.GRUBAUER","20132014","WSH",883.37,0.00062,648,0.4,5.1,1
"PHILIPP.GRUBAUER","20152016","WSH",1111.01,-0.00172,755,-1.3,4.2,0.8
"PHILIPP.GRUBAUER","20162017","WSH",1264.57,0.00837,824,6.9,12.9,2.5
"PHILIPP.GRUBAUER","20172018","WSH",1864.81,0.0107,1392,14.9,25.1,4.5
"PHILIPP.GRUBAUER","20182019","COL",2020.73,0.00588,1445,8.5,19.1,3.3
"RAY.EMERY","20072008","OTT",1624.34,-0.01712,1028,-17.6,-10.1,-1.9
"RAY.EMERY","20092010","PHI",1683.57,0.0024,1082,2.6,10.6,2
"RAY.EMERY","20102011","ANA",527.28,0.00663,407,2.7,5.7,1.1
"RAY.EMERY","20112012","CHI",1773.78,-0.00506,1186,-6,2.7,0.5
"RAY.EMERY","20122013","CHI",1116.01,0.00597,620,3.7,8.2,1.6
"RAY.EMERY","20132014","PHI",1398.42,-0.00151,996,-1.5,5.8,1.1
"RAY.EMERY","20142015","PHI",1569.53,-0.0132,1068,-14.1,-6.3,-1.2
"RETO.BERRA","20132014","CGY",1648.37,-0.01258,1097,-13.8,-5.8,-1.1
"RETO.BERRA","20142015","COL",728.44,-0.00637,518,-3.3,0.5,0.1
"RETO.BERRA","20152016","COL",720.72,0.00038,522,0.2,4,0.8
"RETO.BERRA","20162017","FLA",313.12,-0.01611,211,-3.4,-1.9,-0.4
"RETO.BERRA","20172018","ANA",181.95,0.00935,139,1.3,2.3,0.4
"RICHARD.BACHMAN","20112012","DAL",928.08,-0.00469,640,-3,1.6,0.3
"RICHARD.BACHMAN","20122013","DAL",608.82,-0.01429,434,-6.2,-3,-0.6
"RICHARD.BACHMAN","20132014","EDM",133.72,-0.01058,104,-1.1,-0.3,-0.1
"RICHARD.BACHMAN","20142015","EDM",316.72,0.00126,239,0.3,2.1,0.4
"RICHARD.BACHMAN","20162017","VAN",295.19,0.00254,236,0.6,2.3,0.4
"RICK.DIPIETRO","20072008","NYI",3637.89,-0.00017,2398,-0.4,17.2,3.3
"RICK.DIPIETRO","20082009","NYI",255.98,-0.00969,196,-1.9,-0.5,-0.1
"RICK.DIPIETRO","20092010","NYI",398,-0.00361,249,-0.9,0.9,0.2
"RICK.DIPIETRO","20102011","NYI",1533.21,-0.00602,1113,-6.7,1.5,0.3
"RICK.DIPIETRO","20112012","NYI",353.76,-0.01532,248,-3.8,-1.9,-0.4
"RICK.DIPIETRO","20122013","NYI",175.61,-0.04132,121,-5,-4.2,-0.8
"ROBERTO.LUONGO","20072008","VAN",4111.08,0.00489,2698,13.2,32.9,6.3
"ROBERTO.LUONGO","20082009","VAN",3011.52,0.00935,2021,18.9,33.7,6.2
"ROBERTO.LUONGO","20092010","VAN",3794.75,-0.0008,2514,-2,16.4,3.1
"ROBERTO.LUONGO","20102011","VAN",3580.01,0.00994,2354,23.4,40.7,7.8
"ROBERTO.LUONGO","20112012","VAN",3162.4,0.00604,2068,12.5,27.6,5.4
"ROBERTO.LUONGO","20122013","VAN",1196.92,-0.004,750,-3,2.5,0.5
"ROBERTO.LUONGO","20132014","FLA",804.31,0.00285,596,1.7,6.1,1.2
"ROBERTO.LUONGO","20132014","VAN",2418.02,0.00044,1586,0.7,12.3,2.4
"ROBERTO.LUONGO","20142015","FLA",3523.18,-0.00162,2351,-3.8,13.4,2.6
"ROBERTO.LUONGO","20152016","FLA",3601.85,-0.00066,2429,-1.6,16.1,3.2
"ROBERTO.LUONGO","20162017","FLA",2327.18,-0.00038,1579,-0.6,11,2.1
"ROBERTO.LUONGO","20172018","FLA",1965.98,0.00521,1497,7.8,18.8,3.4
"ROBERTO.LUONGO","20182019","FLA",2346.63,-0.00748,1685,-12.6,-0.3,-0.1
"ROBIN.LEHNER","20102011","OTT",340.87,-0.02058,243,-5,-3.2,-0.6
"ROBIN.LEHNER","20112012","OTT",299.11,0.01196,209,2.5,4,0.8
"ROBIN.LEHNER","20122013","OTT",734.8,0.00904,553,5,9,1.8
"ROBIN.LEHNER","20132014","OTT",1922.15,0.0002,1498,0.3,11.2,2.2
"ROBIN.LEHNER","20142015","OTT",1466.56,-0.00967,1044,-10.1,-2.5,-0.5
"ROBIN.LEHNER","20152016","BUF",1144.09,0.00036,845,0.3,6.5,1.3
"ROBIN.LEHNER","20162017","BUF",3405.48,-0.00279,2549,-7.1,11.5,2.2
"ROBIN.LEHNER","20172018","BUF",2852.02,-0.00271,2101,-5.7,9.6,1.7
"ROBIN.LEHNER","20182019","NYI",2615.82,0.01212,1823,22.1,35.4,6.2
"ROB.ZEPP","20142015","PHI",519.02,-0.00638,329,-2.1,0.3,0.1
"RYAN.MILLER","20072008","BUF",4397.81,-0.00671,2817,-18.9,1.7,0.3
"RYAN.MILLER","20082009","BUF",3373.26,0.00084,2395,2,19.6,3.6
"RYAN.MILLER","20092010","BUF",3974.74,0.00796,2825,22.5,43.2,8.2
"RYAN.MILLER","20102011","BUF",3829.29,-0.00167,2695,-4.5,15.2,2.9
"RYAN.MILLER","20112012","BUF",3536.4,0.00106,2443,2.6,20.4,4
"RYAN.MILLER","20122013","BUF",2302.22,0.00258,1742,4.5,17.2,3.4
"RYAN.MILLER","20132014","BUF",2383.77,0.00415,1902,7.9,21.9,4.3
"RYAN.MILLER","20132014","STL",1116.52,-0.00793,668,-5.3,-0.4,-0.1
"RYAN.MILLER","20142015","VAN",2541.45,-0.00348,1667,-5.8,6.4,1.3
"RYAN.MILLER","20152016","VAN",3043.48,0.00132,2189,2.9,18.9,3.7
"RYAN.MILLER","20162017","VAN",3211.85,-0.00216,2312,-5,11.9,2.3
"RYAN.MILLER","20172018","ANA",1353.28,0.01167,1020,11.9,19.4,3.5
"RYAN.MILLER","20182019","ANA",1108.8,0.00049,809,0.4,6.3,1.1
"SAM.MONTEMBEAULT","20182019","FLA",591.4,-0.01188,404,-4.8,-1.8,-0.3
"SCOTT.CLEMMENSEN","20072008","TOR",154.33,-0.03069,101,-3.1,-2.4,-0.5
"SCOTT.CLEMMENSEN","20082009","N.J",2356.14,0.00176,1534,2.7,14,2.6
"SCOTT.CLEMMENSEN","20092010","FLA",1215.35,-0.00044,901,-0.4,6.2,1.2
"SCOTT.CLEMMENSEN","20102011","FLA",1696.06,-0.00017,1211,-0.2,8.6,1.7
"SCOTT.CLEMMENSEN","20112012","FLA",1565.87,-0.00641,1046,-6.7,0.9,0.2
"SCOTT.CLEMMENSEN","20122013","FLA",865.53,-0.01818,594,-10.8,-6.4,-1.3
"SCOTT.CLEMMENSEN","20132014","FLA",914.19,-0.00801,624,-5,-0.4,-0.1
"SCOTT.DARLING","20142015","CHI",832.51,0.01196,560,6.7,10.8,2.1
"SCOTT.DARLING","20152016","CHI",1556.52,-0.00113,1066,-1.2,6.6,1.3
"SCOTT.DARLING","20162017","CHI",1688.58,0.00388,1133,4.4,12.7,2.4
"SCOTT.DARLING","20172018","CAR",2475.1,-0.01306,1662,-21.7,-9.5,-1.7
"SCOTT.DARLING","20182019","CAR",485.57,-0.00774,336,-2.6,-0.2,0
"SCOTT.WEDGEWOOD","20152016","N.J",240.75,0.02188,160,3.5,4.7,0.9
"SCOTT.WEDGEWOOD","20172018","ARI",1096.51,-0.00855,877,-7.5,-1,-0.2
"SEMYON.VARLAMOV","20082009","WSH",328.54,0.01256,215,2.7,4.3,0.8
"SEMYON.VARLAMOV","20092010","WSH",1527.43,-0.00383,1017,-3.9,3.5,0.7
"SEMYON.VARLAMOV","20102011","WSH",1560.05,0.00902,1087,9.8,17.7,3.4
"SEMYON.VARLAMOV","20112012","COL",3151.37,-0.00102,2162,-2.2,13.7,2.7
"SEMYON.VARLAMOV","20122013","COL",1949.66,-0.00239,1422,-3.4,7,1.4
"SEMYON.VARLAMOV","20132014","COL",3619.75,0.00763,2738,20.9,40.9,8
"SEMYON.VARLAMOV","20142015","COL",3286.82,0.00589,2497,14.7,32.9,6.5
"SEMYON.VARLAMOV","20152016","COL",3159.4,-0.0018,2388,-4.3,13.2,2.6
"SEMYON.VARLAMOV","20162017","COL",1347.79,-0.01728,978,-16.9,-9.7,-1.9
"SEMYON.VARLAMOV","20172018","COL",2861.04,0.00438,2214,9.7,25.9,4.6
"SEMYON.VARLAMOV","20182019","COL",2839.2,-0.0006,1986,-1.2,13.3,2.3
"SERGEI.BOBROVSKY","20102011","PHI",3017.42,0.00542,2120,11.5,27,5.2
"SERGEI.BOBROVSKY","20112012","PHI",1491.31,-0.00086,1050,-0.9,6.8,1.3
"SERGEI.BOBROVSKY","20122013","CBJ",2218.93,0.00635,1464,9.3,20,3.9
"SERGEI.BOBROVSKY","20132014","CBJ",3299.46,-0.00089,2236,-2,14.4,2.8
"SERGEI.BOBROVSKY","20142015","CBJ",2989.45,-0.00432,2178,-9.4,6.5,1.3
"SERGEI.BOBROVSKY","20152016","CBJ",2116.34,-0.00528,1421,-7.5,2.9,0.6
"SERGEI.BOBROVSKY","20162017","CBJ",3706.93,0.01572,2558,40.2,58.9,11.3
"SERGEI.BOBROVSKY","20172018","CBJ",3911.22,0.00778,2726,21.2,41.1,7.3
"SERGEI.BOBROVSKY","20182019","CBJ",3556.62,0.00104,2403,2.5,20.1,3.5
"STEPHEN.VALIQUETTE","20072008","NYR",626.44,0.00462,368,1.7,4.4,0.8
"STEPHEN.VALIQUETTE","20082009","NYR",803.09,0.00282,568,1.6,5.7,1
"STEPHEN.VALIQUETTE","20092010","NYR",217.27,-0.00385,130,-0.5,0.5,0.1
"STEVE.MASON","20082009","CBJ",3542.8,0.00298,2217,6.6,22.8,4.2
"STEVE.MASON","20092010","CBJ",3141.61,-0.01169,2172,-25.4,-9.5,-1.8
"STEVE.MASON","20102011","CBJ",3026.5,-0.00979,2054,-20.1,-5,-1
"STEVE.MASON","20112012","CBJ",2533.68,-0.02546,1740,-44.3,-31.6,-6.2
"STEVE.MASON","20122013","CBJ",712.08,-0.01743,459,-8,-4.6,-0.9
"STEVE.MASON","20122013","PHI",378.06,0.01429,287,4.1,6.2,1.2
"STEVE.MASON","20132014","PHI",3485.58,-0.00127,2363,-3,14.3,2.8
"STEVE.MASON","20142015","PHI",2885.38,0.00792,2021,16,30.7,6
"STEVE.MASON","20152016","PHI",3150.46,0.00102,2149,2.2,18,3.5
"STEVE.MASON","20162017","PHI",3224.5,-0.00242,2149,-5.2,10.5,2
"STEVE.MASON","20172018","WPG",684.89,-0.00539,538,-2.9,1,0.2
"THATCHER.DEMKO","20182019","VAN",534.15,-0.00129,389,-0.5,2.4,0.4
"THOMAS.GREISS","20092010","S.J",724.25,0.00178,506,0.9,4.6,0.9
"THOMAS.GREISS","20112012","S.J",1042.67,-0.00638,611,-3.9,0.6,0.1
"THOMAS.GREISS","20122013","S.J",308.2,-0.00093,214,-0.2,1.4,0.3
"THOMAS.GREISS","20132014","ARI",1292.33,0.00459,849,3.9,10.1,2
"THOMAS.GREISS","20142015","PIT",1154.61,-0.00525,724,-3.8,1.5,0.3
"THOMAS.GREISS","20152016","NYI",2287.33,0.0102,1627,16.6,28.5,5.6
"THOMAS.GREISS","20162017","NYI",2813.3,0.0013,2083,2.7,17.9,3.4
"THOMAS.GREISS","20172018","NYI",1491.74,-0.01485,1192,-17.7,-9,-1.6
"THOMAS.GREISS","20182019","NYI",2293.7,0.01104,1622,17.9,29.8,5.2
"TIM.THOMAS","20072008","BOS",3341.97,0.00634,2238,14.2,30.5,5.9
"TIM.THOMAS","20082009","BOS",3198.99,0.0142,2183,31,47,8.6
"TIM.THOMAS","20092010","BOS",2441.88,-0.00525,1580,-8.3,3.3,0.6
"TIM.THOMAS","20102011","BOS",3363.97,0.01411,2431,34.3,52.1,10
"TIM.THOMAS","20112012","BOS",3351.53,-0.00278,2192,-6.1,9.9,2
"TIM.THOMAS","20132014","DAL",363.52,-0.00837,263,-2.2,-0.3,-0.1
"TIM.THOMAS","20132014","FLA",2273.89,-0.00544,1525,-8.3,2.9,0.6
"TOBIAS.STEPHAN","20082009","DAL",437.87,-0.03532,252,-8.9,-7.1,-1.3
"TOMAS.VOKOUN","20072008","FLA",3930.67,0.00481,2891,13.9,35.1,6.7
"TOMAS.VOKOUN","20082009","FLA",3319.05,0.00764,2553,19.5,38.1,7
"TOMAS.VOKOUN","20092010","FLA",3630.01,0.00395,2761,10.9,31.1,5.9
"TOMAS.VOKOUN","20102011","FLA",3224.14,0.00268,2354,6.3,23.5,4.5
"TOMAS.VOKOUN","20112012","WSH",2523.64,0.00103,1745,1.8,14.6,2.9
"TOMAS.VOKOUN","20122013","PIT",1028.54,0.00408,710,2.9,8.1,1.6
"TRISTAN.JARRY","20172018","PIT",1363.94,-0.00193,931,-1.8,5,0.9
"TUUKKA.RASK","20072008","BOS",184.4,-0.0129,124,-1.6,-0.7,-0.1
"TUUKKA.RASK","20092010","BOS",2557.19,0.01234,1637,20.2,32.2,6.1
"TUUKKA.RASK","20102011","BOS",1594.37,-0.00155,1164,-1.8,6.7,1.3
"TUUKKA.RASK","20112012","BOS",1289.4,0.00284,846,2.4,8.6,1.7
"TUUKKA.RASK","20122013","BOS",2104.24,0.01097,1358,14.9,24.8,4.9
"TUUKKA.RASK","20132014","BOS",3386.45,0.00502,2212,11.1,27.3,5.3
"TUUKKA.RASK","20142015","BOS",4062.98,0.0039,2741,10.7,30.7,6
"TUUKKA.RASK","20152016","BOS",3678.06,0.00046,2632,1.2,20.4,4
"TUUKKA.RASK","20162017","BOS",3659.59,-0.00035,2278,-0.8,15.8,3
"TUUKKA.RASK","20172018","BOS",3173.07,0.0022,2093,4.6,19.9,3.6
"TUUKKA.RASK","20182019","BOS",2635.15,0.00082,1710,1.4,14,2.4
"TY.CONKLIN","20072008","PIT",1785.65,0.00376,1331,5,14.7,2.8
"TY.CONKLIN","20082009","DET",2117.18,-0.00092,1303,-1.2,8.4,1.5
"TY.CONKLIN","20092010","STL",1451.18,0.00573,1047,6,13.6,2.6
"TY.CONKLIN","20102011","STL",1285.44,-0.02877,775,-22.3,-16.6,-3.2
"TY.CONKLIN","20112012","DET",804.44,-0.01996,516,-10.3,-6.5,-1.3
"VESA.TOSKALA","20072008","TOR",3777.48,0.00117,2485,2.9,21,4
"VESA.TOSKALA","20082009","TOR",2957.42,-0.01043,2109,-22,-6.6,-1.2
"VESA.TOSKALA","20092010","CGY",211.92,-0.00394,127,-0.5,0.4,0.1
"VESA.TOSKALA","20092010","TOR",1393.02,-0.01636,966,-15.8,-8.7,-1.6
"VIKTOR.FASTH","20122013","ANA",1428.3,0.00816,944,7.7,14.6,2.9
"VIKTOR.FASTH","20132014","ANA",304.78,-0.02381,189,-4.5,-3.1,-0.6
"VIKTOR.FASTH","20132014","EDM",396.06,0.01086,304,3.3,5.5,1.1
"VIKTOR.FASTH","20142015","EDM",1336.49,-0.01585,978,-15.5,-8.3,-1.6
"WADE.DUBIELEWICZ","20072008","NYI",1132.4,0.01179,882,10.4,16.8,3.2
"YANN.DANIS","20082009","NYI",1760.1,0.00271,1293,3.5,13,2.4
"YANN.DANIS","20092010","N.J",467.32,0.00757,304,2.3,4.5,0.8
"ZANE.MCINTYRE","20162017","BOS",332.62,-0.02822,202,-5.7,-4.3,-0.8
